title,date,place,artist,url
스카이 뮤직 페스티벌,2017.10.03 ~ 2017.10.03,잠실 종합운동장 보조경기장,Null,www.ticketlink.co.kr/product/20416
2017 잔다리페스타,2017.09.29 ~ 2017.10.01,"무브홀, 상상마당, 롤링홀 외 홍대일원 공연장",Null,www.ticketlink.co.kr/bridge/280
2017 THE CRY ground 일반티켓,2017.10.14 ~ 2017.10.15,한강 난지공원,Null,www.ticketlink.co.kr/product/20299
2017 전유성의 철가방극장,2011.05.20 ~ 2017.10.31,경북 청도 풍각 성곡 철가방극장,Null,www.ticketlink.co.kr/product/15285
빅필드 뮤직페스티벌,2017.09.16 ~ 2017.09.17,서산 간월도 일원,Null,www.ticketlink.co.kr/product/16924
서 민 - 기생충과 인간,2017.09.16 ~ 2017.09.16,대구 수성아트피아 무학홀,Null,www.ticketlink.co.kr/bridge/289
Someday Festival 2017 4차티켓,2017.09.16 ~ 2017.09.17,난지 한강공원,Null,www.ticketlink.co.kr/product/19974
"다시,봄",2017.09.16 ~ 2017.09.16,대덕문화전당 드림홀,Null,www.ticketlink.co.kr/product/20138
아이조아 콘서트,2017.09.16 ~ 2017.09.16,대구콘서트하우스 챔버홀,Null,www.ticketlink.co.kr/product/20145
제11회 칠포재즈페스티벌,2017.09.22 ~ 2017.09.24,칠포해수욕장,Null,www.ticketlink.co.kr/product/17019
마르코폴로의 음악여행,2017.09.22 ~ 2017.09.22,한국소리문화의전당 연지홀,Null,www.ticketlink.co.kr/bridge/210
CBS와 함께하는 별빛 콘서트,2017.09.22 ~ 2017.09.22,한국소리문화의전당 야외공연장,Null,www.ticketlink.co.kr/bridge/210
조항조 & 장윤정 콘서트,2017.09.23 ~ 2017.09.23,목포시민문화체육센터 대공연장,Null,www.ticketlink.co.kr/bridge/292
수상한거리 페스티벌,2017.09.23 ~ 2017.09.23,"수상한거리(스테이라운지,카페 피카소, CCM아지트)",Null,www.ticketlink.co.kr/bridge/283
옹기장이 콘서트,2017.09.23 ~ 2017.09.23,꽃재교회,Null,www.ticketlink.co.kr/product/19987
월드뮤직빅파티,2017.09.23 ~ 2017.09.23,한국소리문화의전당 야외공연장,Null,www.ticketlink.co.kr/bridge/210
2017 쉘위워크,2017.09.23 ~ 2017.09.23,서울 월드컵공원평화잔디광장,Null,www.ticketlink.co.kr/product/20124
운림산방,2017.09.23 ~ 2017.09.23,대덕문화전당 드림홀,Null,www.ticketlink.co.kr/product/20134
폐막공연 - 골든 마우스 쇼,2017.09.24 ~ 2017.09.24,한국소리문화의전당 야외공연장,Null,www.ticketlink.co.kr/bridge/210
조항조 & 장윤정 콘서트,2017.10.01 ~ 2017.10.01,광주문화예술회관 대극장,Null,www.ticketlink.co.kr/bridge/292
장윤정&조항조,2017.10.07 ~ 2017.10.07,부산시민회관 대극장,Null,www.ticketlink.co.kr/bridge/292
리차드막스로맨틱콘서트,2017.10.15 ~ 2017.10.15,부산 벡스코 오디토리움,Null,www.ticketlink.co.kr/bridge/296
김영나 - 서양미술에 나타난 인간상,2017.10.27 ~ 2017.10.27,대구 수성아트피아 무학홀,Null,www.ticketlink.co.kr/bridge/289
양희은 콘서트 - 안동,2017.12.15 ~ 2017.12.15,안동문화예술의전당 웅부홀,Null,www.ticketlink.co.kr/product/20001
잼스틱,2017.12.23 ~ 2017.12.23,대구콘서트하우스 그랜드홀,Null,www.ticketlink.co.kr/product/20272
메리 크리스마스 콘서트 - 코리안팝스오케스트라,2017.12.24 ~ 2017.12.24,대구콘서트하우스 그랜드홀,Null,www.ticketlink.co.kr/product/20271
헤일리 로렌과 친구들,2017.09.11 ~ 2017.09.11,Club K Seoul,Null,www.ticketlink.co.kr/product/20287
김종서 30주년 콘서트,2017.09.12 ~ 2017.10.09,대학로 SH아트홀,Null,www.ticketlink.co.kr/product/20609
제10회 대구국제재즈축제,2017.09.13 ~ 2017.09.13,대구 수성아트피아 용지홀,Null,www.ticketlink.co.kr/product/20480
[VIP호텔/한정] 반얀트리 루프탑 DJ클럽 파티,2017.09.15 ~ 2017.09.15,반얀트리 클럽 앤 스파 서울 루프탑,Null,www.ticketlink.co.kr/product/20518
순천시립청소년교향악단 제7회 정기연주회,2017.09.16 ~ 2017.09.16,순천문화예술회관,Null,www.ticketlink.co.kr/product/20434
유지나 콘서트 - 부안,2017.09.18 ~ 2017.09.18,부안예술회관,Null,www.ticketlink.co.kr/product/20620
MOCCA LIVE IN SEOUL 2017,2017.09.21 ~ 2017.09.21,KT&G 상상마당 라이브홀,Null,www.ticketlink.co.kr/product/20390
韓·中·日 전통극 페스타,2017.09.21 ~ 2017.09.21,대구오페라하우스,Null,www.ticketlink.co.kr/product/20633
"별이 빛나는 밤, 고흐와 함께 떠나는 음악 여행-보성",2017.09.21 ~ 2017.09.21,보성군문화예술회관,Null,www.ticketlink.co.kr/product/20788
재즈 스케이프 콘서트,2017.09.23 ~ 2017.09.24,고양 아람누리 노루목 야외극장,Null,www.ticketlink.co.kr/product/20275
변진섭 30주년 콘서트,2017.09.23 ~ 2017.09.23,경북대학교 대강당,Null,www.ticketlink.co.kr/product/20283
오페라 갈라콘서트-광주,2017.09.28 ~ 2017.09.28,광주문화예술회관 대극장,Null,www.ticketlink.co.kr/product/20640
Happy Rippi B Party,2017.09.30 ~ 2017.09.30,구로아트밸리 예술극장,Null,www.ticketlink.co.kr/product/20293
마술의 제왕 - 마술원정대,2017.09.30 ~ 2017.09.30,CTS 아트홀,Null,www.ticketlink.co.kr/product/20453
서울숲 재즈페스티벌 2017,2017.10.07 ~ 2017.10.08,서울시 성동구 성수동1가 서울숲 야외무대,Null,www.ticketlink.co.kr/product/20276
김연자 콘서트,2017.10.07 ~ 2017.10.07,KBS아레나 & 제2체육관,Null,www.ticketlink.co.kr/product/20475
2017 남진 콘서트 - 제주,2017.10.08 ~ 2017.10.08,제주아트센터,Null,www.ticketlink.co.kr/product/20302
리차드 막스 로맨틱콘서트 - 인천,2017.10.12 ~ 2017.10.12,인천 남동체육관,Null,www.ticketlink.co.kr/bridge/296
리차드 막스 콘서트,2017.10.14 ~ 2017.10.14,고려대학교 화정체육관,Null,www.ticketlink.co.kr/bridge/296
맘마미아 콘서트 - 경주,2017.10.14 ~ 2017.10.14,경주예술의전당,Null,www.ticketlink.co.kr/product/20431
더 바이브 패밀리 콘서트,2017.10.14 ~ 2017.10.14,한국소리문화의전당 야외공연장,Null,www.ticketlink.co.kr/product/20534
신세경 팬미팅 Serendipity,2017.10.14 ~ 2017.10.14,동서울아트홀 (강변역 동서울호텔 B2),Null,www.ticketlink.co.kr/product/20786
맘마미아 콘서트 - 거제,2017.10.15 ~ 2017.10.15,거제문화예술회관 대공연장,Null,www.ticketlink.co.kr/product/20430
맘마미아 콘서트 - 순천,2017.10.19 ~ 2017.10.19,순천문화예술회관,Null,www.ticketlink.co.kr/product/20433
맘마미아,2017.10.21 ~ 2017.10.21,의정부예술의전당,Null,www.ticketlink.co.kr/product/20607
맘마미아 콘서트 - 당진,2017.10.22 ~ 2017.10.22,당진 문예의전당,Null,www.ticketlink.co.kr/product/20432
키노코호텔(KINOCO HOTEL) 첫 내한공연,2017.10.28 ~ 2017.10.28,홍대 웨스트브릿지 라이브홀,Null,www.ticketlink.co.kr/product/20439
이은미 콘서트,2017.10.28 ~ 2017.10.28,경북대학교 대강당,Null,www.ticketlink.co.kr/product/20492
수작콘서트 with 옥상달빛 - 대구,2017.11.11 ~ 2017.11.11,대덕문화전당 드림홀,Null,www.ticketlink.co.kr/product/20487
MURA MASA IN SEOUL,2018.01.03 ~ 2018.01.03,홍대 무브홀(MUV HALL),Null,www.ticketlink.co.kr/product/20789
