,platform,title,date,place,artist,url,imageUrl
0,Ticket Link,스카이 뮤직 페스티벌,2017.10.03 ~ 2017.10.03,잠실 종합운동장 보조경기장,Null,www.ticketlink.co.kr/product/20416,image.toast.com/aaaaab/ticketlink/TKL_4/ESKYpo-20170823.jpg
1,Ticket Link,2017 잔다리페스타,2017.09.29 ~ 2017.10.01,"무브홀, 상상마당, 롤링홀 외 홍대일원 공연장",Null,www.ticketlink.co.kr/bridge/280,image.toast.com/aaaaab/ticketlink/TKL_5/zan_main0925.jpg
2,Ticket Link,2017 THE CRY ground 일반티켓,2017.10.14 ~ 2017.10.15,한강 난지공원,Null,www.ticketlink.co.kr/product/20299,image.toast.com/aaaaab/ticketlink/TKL_6/thecry_0823.jpg
3,Ticket Link,2017 전유성의 철가방극장,2011.05.20 ~ 2017.10.31,경북 청도 풍각 성곡 철가방극장,Null,www.ticketlink.co.kr/product/15285,image.toast.com/aaaaab/ticketlink/TKL_1/201503140240a(1).jpg
4,Ticket Link,조항조 & 장윤정 콘서트,2017.10.01 ~ 2017.10.01,광주문화예술회관 대극장,Null,www.ticketlink.co.kr/bridge/292,image.toast.com/aaaaab/ticketlink/TKL_4/jjcpst_0629.gif
5,Ticket Link,장윤정&조항조,2017.10.07 ~ 2017.10.07,부산시민회관 대극장,Null,www.ticketlink.co.kr/bridge/292,image.toast.com/aaaaab/ticketlink/TKL_7/jangp-20170725.jpg
6,Ticket Link,리차드막스로맨틱콘서트,2017.10.15 ~ 2017.10.15,부산 벡스코 오디토리움,Null,www.ticketlink.co.kr/bridge/296,image.toast.com/aaaaab/ticketlink/TKL_10/201708120936a.jpg
7,Ticket Link,김영나 - 서양미술에 나타난 인간상,2017.10.27 ~ 2017.10.27,대구 수성아트피아 무학홀,Null,www.ticketlink.co.kr/bridge/289,image.toast.com/aaaaab/ticketlink/TKL_3/201707151147a.jpg
8,Ticket Link,양희은 콘서트 - 안동,2017.12.15 ~ 2017.12.15,안동문화예술의전당 웅부홀,Null,www.ticketlink.co.kr/product/20001,image.toast.com/aaaaab/ticketlink/TKL_2/yang_main0719.jpg
9,Ticket Link,잼스틱,2017.12.23 ~ 2017.12.23,대구콘서트하우스 그랜드홀,Null,www.ticketlink.co.kr/product/20272,image.toast.com/aaaaab/ticketlink/TKL_8/jam-po20170807.jpg
10,Ticket Link,메리 크리스마스 콘서트 - 코리안팝스오케스트라,2017.12.24 ~ 2017.12.24,대구콘서트하우스 그랜드홀,Null,www.ticketlink.co.kr/product/20271,image.toast.com/aaaaab/ticketlink/TKL_6/merry_main_0807.jpg
11,Ticket Link,김종서 30주년 콘서트,2017.09.12 ~ 2017.10.09,대학로 SH아트홀,Null,www.ticketlink.co.kr/product/20609,image.toast.com/aaaaab/ticketlink/TKL_4/kjspdt_0904.jpg
12,Ticket Link,오페라 갈라콘서트-광주,2017.09.28 ~ 2017.09.28,광주문화예술회관 대극장,Null,www.ticketlink.co.kr/product/20640,image.toast.com/aaaaab/ticketlink/TKL_6/opera_main_0906.jpg
13,Ticket Link,Happy Rippi B Party,2017.09.30 ~ 2017.09.30,구로아트밸리 예술극장,Null,www.ticketlink.co.kr/product/20293,image.toast.com/aaaaab/ticketlink/TKL_1/Happypo20170809.jpg
14,Ticket Link,마술의 제왕 - 마술원정대,2017.09.30 ~ 2017.09.30,CTS 아트홀,Null,www.ticketlink.co.kr/product/20453,image.toast.com/aaaaab/ticketlink/TKL_9/flsm_main0829.jpg
15,Ticket Link,곽다경 싱글앨범 발매 콘서트,2017.09.30 ~ 2017.09.30,디콜라보,Null,www.ticketlink.co.kr/product/20837,image.toast.com/aaaaab/ticketlink/TKL_2/dcall(m).png
16,Ticket Link,김연자 콘서트,2017.10.07 ~ 2017.10.07,KBS아레나 & 제2체육관,Null,www.ticketlink.co.kr/product/20475,image.toast.com/aaaaab/ticketlink/TKL_2/YJ_seoul_0913.jpg
17,Ticket Link,2017 남진 콘서트 - 제주,2017.10.08 ~ 2017.10.08,제주아트센터,Null,www.ticketlink.co.kr/product/20302,image.toast.com/aaaaab/ticketlink/TKL_5/nam-20170816.jpg
18,Ticket Link,리차드 막스 로맨틱콘서트 - 인천,2017.10.12 ~ 2017.10.12,인천 남동체육관,Null,www.ticketlink.co.kr/bridge/296,image.toast.com/aaaaab/ticketlink/TKL_6/RM_0818.jpg
19,Ticket Link,쇼그맨,2017.10.13 ~ 2017.10.13,김제문화예술회관 대공연장,Null,www.ticketlink.co.kr/product/20896,image.toast.com/aaaaab/ticketlink/TKL_2/show-20170915po.jpg
20,Ticket Link,홍경민콘서트,2017.10.13 ~ 2017.10.13,부안예술회관,Null,www.ticketlink.co.kr/product/20968,image.toast.com/aaaaab/ticketlink/TKL_1/hongkm-20170922po.jpg
21,Ticket Link,리차드 막스 콘서트,2017.10.14 ~ 2017.10.14,고려대학교 화정체육관,Null,www.ticketlink.co.kr/bridge/296,image.toast.com/aaaaab/ticketlink/TKL_5/ric-20170817seoul.jpg
22,Ticket Link,맘마미아 콘서트 - 경주,2017.10.14 ~ 2017.10.14,경주예술의전당,Null,www.ticketlink.co.kr/product/20431,image.toast.com/aaaaab/ticketlink/TKL_3/mom_KJ_0825.jpg
23,Ticket Link,더 바이브 패밀리 콘서트,2017.10.14 ~ 2017.10.14,한국소리문화의전당 야외공연장,Null,www.ticketlink.co.kr/product/20534,image.toast.com/aaaaab/ticketlink/TKL_4/theb-20170901po.jpg
24,Ticket Link,신세경 팬미팅 Serendipity,2017.10.14 ~ 2017.10.14,동서울아트홀 (강변역 동서울호텔 B2),Null,www.ticketlink.co.kr/product/20786,image.toast.com/aaaaab/ticketlink/TKL_9/ssk_mmmmmain_0907.jpg
25,Ticket Link,맘마미아 콘서트 - 거제,2017.10.15 ~ 2017.10.15,거제문화예술회관 대공연장,Null,www.ticketlink.co.kr/product/20430,image.toast.com/aaaaab/ticketlink/TKL_2/mam_GJ_main_0825.jpg
26,Ticket Link,2017 대구 K-pop 미친 콘서트 (with 이웃사랑),2017.10.15 ~ 2017.10.15,대구월드컵경기장,Null,www.ticketlink.co.kr/product/20818,image.toast.com/aaaaab/ticketlink/TKL_9/michinpst_0912.jpg
27,Ticket Link,맘마미아 콘서트 - 순천,2017.10.19 ~ 2017.10.19,순천문화예술회관,Null,www.ticketlink.co.kr/product/20433,image.toast.com/aaaaab/ticketlink/TKL_9/SUN-20170825.jpg
28,Ticket Link,맘마미아,2017.10.21 ~ 2017.10.21,의정부예술의전당,Null,www.ticketlink.co.kr/product/20607,image.toast.com/aaaaab/ticketlink/TKL_4/abba-20170904po.jpg
29,Ticket Link,성공 북 페스티벌,2017.10.21 ~ 2017.10.21,코엑스 오디토리움,Null,www.ticketlink.co.kr/product/20887,image.toast.com/aaaaab/ticketlink/TKL_7/book_0914.jpg
30,Ticket Link,박학기 콘서트 [계절학기],2017.10.21 ~ 2017.10.21,올림픽공원 뮤즈라이브홀,Null,www.ticketlink.co.kr/product/20944,image.toast.com/aaaaab/ticketlink/TKL_8/park_main_0921.jpg
31,Ticket Link,맘마미아 콘서트 - 당진,2017.10.22 ~ 2017.10.22,당진 문예의전당,Null,www.ticketlink.co.kr/product/20432,image.toast.com/aaaaab/ticketlink/TKL_6/mom_dJ_main_0914.jpg
32,Ticket Link,키노코호텔(KINOCO HOTEL) 첫 내한공연,2017.10.28 ~ 2017.10.28,홍대 웨스트브릿지 라이브홀,Null,www.ticketlink.co.kr/product/20439,image.toast.com/aaaaab/ticketlink/TKL_2/kin-po20170828.jpg
33,Ticket Link,이은미 콘서트,2017.10.28 ~ 2017.10.28,경북대학교 대강당,Null,www.ticketlink.co.kr/product/20492,image.toast.com/aaaaab/ticketlink/TKL_3/201709151637a.png
34,Ticket Link,시월愛 가을을 그리다,2017.10.28 ~ 2017.10.28,대덕문화전당 드림홀,Null,www.ticketlink.co.kr/product/20921,image.toast.com/aaaaab/ticketlink/TKL_3/fulldrow-20170919po.jpg
35,Ticket Link,이상국의 힐링토크콘서트,2017.11.04 ~ 2017.11.05,대구 웃는얼굴아트센터 와룡홀,Null,www.ticketlink.co.kr/product/20847,image.toast.com/aaaaab/ticketlink/TKL_4/lee-main0922.jpg
36,Ticket Link,"2017 SKA Super-Swag FESTIVAL (시즌3, 수원)",2017.11.04 ~ 2017.11.04,수원 월드컵경기장 보조경기장,Null,www.ticketlink.co.kr/product/20884,image.toast.com/aaaaab/ticketlink/TKL_6/ska_0915.jpg
37,Ticket Link,수작콘서트 with 옥상달빛 - 대구,2017.11.11 ~ 2017.11.11,대덕문화전당 드림홀,Null,www.ticketlink.co.kr/product/20487,image.toast.com/aaaaab/ticketlink/TKL_1/su_main0830.jpg
38,Ticket Link,홍경민 with 두번째달 아가콘(아름다운 가사가들리는 콘서트)-대구  ,2017.11.18 ~ 2017.11.18,대덕문화전당 드림홀,Null,www.ticketlink.co.kr/product/20981,image.toast.com/aaaaab/ticketlink/TKL_3/Ticketlink_nonfile_web(181).png
39,Ticket Link,이미자 효 음악회-목포,2017.12.16 ~ 2017.12.16,목포시민문화체육센터 대공연장,Null,www.ticketlink.co.kr/product/20965,image.toast.com/aaaaab/ticketlink/TKL_6/Ticketlink_nonfile_web(200).png
40,Ticket Link,울트라 뮤직 페스티벌,2018.06.01 ~ 2018.06.30,추후공지,Null,www.ticketlink.co.kr/product/20913,image.toast.com/aaaaab/ticketlink/TKL_3/ultra_main0918(1).jpg
41,InterPark Ticket,그랜드 민트 페스티벌 2017 - 공식 티켓,2017.10.21 ~ 2017.10.22,올림픽공원,"디어클라우드, 피터팬 컴플렉스, 페퍼톤스, 노리플라이, 짙은, 검정치마, 브로콜리 너마저, 루시아(심규선), 데이브레이크, 칵스, 옥상달빛, 박원, 10cm, 스탠딩에그, 박재범, 어반자카파, 소란, 정준일, 자이언티, 솔루션스, 슈가볼, 쏜애플, 빌리어코스티, 치즈, 잔나비, 이진아, 딘, 멜로망스, 마인드유, 윤딴딴, 샘김, 오왠, 창모, 폴킴, 포르테 디 콰트로",http://ticket.interpark.com/Ticket/Goods/GoodsInfo.asp?GroupCode=17010260,http://ticketimage.interpark.com/Play/image/large/17/17010260_p.gif
42,InterPark Ticket,이승환 〈공연의끝：High End〉 - 부산,2017.12.16,벡스코 1층 제1전시장,이승환,http://ticket.interpark.com/Ticket/Goods/GoodsInfo.asp?GroupCode=17012838,http://ticketimage.interpark.com/Play/image/large/17/17012838_p.gif
43,InterPark Ticket,삼성카드 스테이지 08 〈음악을 읽다〉,2017.11.05,블루스퀘어 삼성카드홀,Null,http://ticket.interpark.com/Ticket/Goods/GoodsInfo.asp?GroupCode=17012708,http://ticketimage.interpark.com/Play/image/large/17/17012708_p.gif
44,InterPark Ticket,KEN KAMIKITA / KK 1st LIVE IN SEOUL,2017.10.28,MUV HALL,Null,http://ticket.interpark.com/Ticket/Goods/GoodsInfo.asp?GroupCode=17012817,http://ticketimage.interpark.com/Play/image/large/17/17012817_p.gif
45,InterPark Ticket,한수원 Dream Concert〈The DIVA - 이은미〉- 경주,2017.11.05,경주예술의전당 대공연장(화랑홀),이은미,http://ticket.interpark.com/Ticket/Goods/GoodsInfo.asp?GroupCode=17012910,http://ticketimage.interpark.com/Play/image/large/17/17012910_p.gif
46,InterPark Ticket,정준일 오케스트라 콘서트,2017.12.02 ~ 2017.12.03,경희대학교 평화의전당,정준일,http://ticket.interpark.com/Ticket/Goods/GoodsInfo.asp?GroupCode=17012426,http://ticketimage.interpark.com/Play/image/large/17/17012426_p.gif
47,InterPark Ticket,［ 2017 Theatre 이문세 ］ - 창원,2017.11.18 ~ 2017.11.19,창원성산아트홀 대극장,이문세,http://ticket.interpark.com/Ticket/Goods/GoodsInfo.asp?GroupCode=17010447,http://ticketimage.interpark.com/Play/image/large/17/17010447_p.gif
48,InterPark Ticket,청춘아레나 2017,2017.10.28,인천 문학 주경기장,"타블로, 크러쉬, 유병재, 헤이즈, 볼빨간사춘기",http://ticket.interpark.com/Ticket/Goods/GoodsInfo.asp?GroupCode=17012201,http://ticketimage.interpark.com/Play/image/large/17/17012201_p.gif
49,InterPark Ticket,［ 2017 Theatre 이문세 ］ - 성남,2017.11.10 ~ 2017.11.11,성남아트센터 오페라하우스,이문세,http://ticket.interpark.com/Ticket/Goods/GoodsInfo.asp?GroupCode=17011871,http://ticketimage.interpark.com/Play/image/large/17/17011871_p.gif
50,InterPark Ticket,2017 폴킴 단독 콘서트 〈느껴 밤〉,2017.10.27 ~ 2017.10.29,올림픽공원 K-아트홀,폴킴,http://ticket.interpark.com/Ticket/Goods/GoodsInfo.asp?GroupCode=17012558,http://ticketimage.interpark.com/Play/image/large/17/17012558_p.gif
51,InterPark Ticket,2017 “윤종신 좋니?” 전국투어 콘서트 - 인천,2017.11.19,인천문화예술회관 대공연장,윤종신,http://ticket.interpark.com/Ticket/Goods/GoodsInfo.asp?GroupCode=17013024,http://ticketimage.interpark.com/Play/image/large/17/17013024_p.gif
52,InterPark Ticket,"2017 SKA Super-Swag festival 〈시즌3,수원〉",2017.11.04,수원월드컵경기장 보조경기장,"딥플로우, 우탄, 크러쉬, 넉살, 오디, 던밀스, 딘, 나플라, 창모",http://ticket.interpark.com/Ticket/Goods/GoodsInfo.asp?GroupCode=17012123,http://ticketimage.interpark.com/Play/image/large/17/17012123_p.gif
53,InterPark Ticket,2017. 58주년 기념 이미자 孝 대전음악회,2017.10.07,충남대학교 정심화홀,"이미자, 로미나, 이택림",http://ticket.interpark.com/Ticket/Goods/GoodsInfo.asp?GroupCode=17010051,http://ticketimage.interpark.com/Play/image/large/17/17010051_p.gif
54,InterPark Ticket,"고은성,곽동현,박상돈,이동신 〈오버더크로스오버〉 콘서트 - 대구",2017.11.05,경북대학교 대강당,"고은성, 이동신, 곽동현, 박상돈",http://ticket.interpark.com/Ticket/Goods/GoodsInfo.asp?GroupCode=17012866,http://ticketimage.interpark.com/Play/image/large/17/17012866_p.gif
55,InterPark Ticket,2017 이승철 theatre tour〈Oh! Happy Day〉 - 성남,2017.10.14,성남아트센터 오페라하우스,이승철,http://ticket.interpark.com/Ticket/Goods/GoodsInfo.asp?GroupCode=17011411,http://ticketimage.interpark.com/Play/image/large/17/17011411_p.gif
56,InterPark Ticket,양희은 콘서트 - 용인,2017.10.07,용인 포은아트홀,양희은,http://ticket.interpark.com/Ticket/Goods/GoodsInfo.asp?GroupCode=17012249,http://ticketimage.interpark.com/Play/image/large/17/17012249_p.gif
57,InterPark Ticket,［ 2017 Theatre 이문세 ］ - 김해,2017.12.15 ~ 2017.12.16,김해문화의전당 마루홀,이문세,http://ticket.interpark.com/Ticket/Goods/GoodsInfo.asp?GroupCode=17012701,http://ticketimage.interpark.com/Play/image/large/17/17012701_p.gif
58,InterPark Ticket,소리인생 45주년 〈2017 김영임의 소리 ‘孝’ 대공연〉 -  창원,2017.10.14,KBS 창원홀,김영임,http://ticket.interpark.com/Ticket/Goods/GoodsInfo.asp?GroupCode=17011452,http://ticketimage.interpark.com/Play/image/large/17/17011452_p.gif
59,InterPark Ticket,2017 THE CRY ground 일반티켓,2017.10.14 ~ 2017.10.15,서울 난지한강공원,"도끼, 더콰이엇, 허클베리피, 레디, 창모, 김효은, 해쉬스완, 딥플로우, 넉살, 던밀스, 오케이션, 다이나믹 듀오, 싸이, 스윙스, 리듬파워, 기리보이, 로꼬, 지코, 올티, 크러쉬, 그레이, 씨잼, 천재노창, 한해, 서사무엘, JUSTHIS, 헤이즈, 딘, 펀치넬로, 밀릭",http://ticket.interpark.com/Ticket/Goods/GoodsInfo.asp?GroupCode=17010420,http://ticketimage.interpark.com/Play/image/large/17/17010420_p.gif
60,InterPark Ticket,바이브 X 벤 연가2［戀歌］LOVE SONG2 - 진주,2017.09.30,경남문화예술회관 대공연장,바이브,http://ticket.interpark.com/Ticket/Goods/GoodsInfo.asp?GroupCode=17012654,http://ticketimage.interpark.com/Play/image/large/17/17012654_p.gif
61,InterPark Ticket,서울숲재즈페스티벌2017 최종티켓,2017.10.07 ~ 2017.10.08,서울숲공원,"혜원, 임인건, 장필순, 윤한, 임보라, 강아솔, 안녕하신가영, 안녕의온도",http://ticket.interpark.com/Ticket/Goods/GoodsInfo.asp?GroupCode=17012659,http://ticketimage.interpark.com/Play/image/large/17/17012659_p.gif
62,InterPark Ticket,이승환 〈공연의끝：High End〉 - 서울,2017.12.01 ~ 2017.12.03,올림픽공원 내 올림픽홀,이승환,http://ticket.interpark.com/Ticket/Goods/GoodsInfo.asp?GroupCode=17011441,http://ticketimage.interpark.com/Play/image/large/17/17011441_p.gif
63,InterPark Ticket,2017 이승철 콘서트 〈COME BACK〉 - 일산,2017.10.28,일산 킨텍스 제2전시장 9A홀,이승철,http://ticket.interpark.com/Ticket/Goods/GoodsInfo.asp?GroupCode=17012486,http://ticketimage.interpark.com/Play/image/large/17/17012486_p.gif
64,InterPark Ticket,2017 더바이브패밀리콘서트 - 전주,2017.10.14,한국소리문화의전당 야외공연장,"바이브, 벤, 신용재, 임세준",http://ticket.interpark.com/Ticket/Goods/GoodsInfo.asp?GroupCode=17011552,http://ticketimage.interpark.com/Play/image/large/17/17011552_p.gif
65,InterPark Ticket,2017 SHIN HYE SUNG WEEKLY CONCERT ‘Serenity’,2017.09.09 ~ 2017.10.01,블루스퀘어 삼성카드홀,신혜성,http://ticket.interpark.com/Ticket/Goods/GoodsInfo.asp?GroupCode=17009639,http://ticketimage.interpark.com/Play/image/large/17/17009639_p.gif
66,InterPark Ticket,2017상상실현페스티벌 - 춘천,2017.10.14,KT＆G 상상마당 춘천 아트센터,"강산에, 장기하와 얼굴들, 커피소년, 솔루션스, 혁오, 잔나비, 스텔라장, 멜로망스, 그_냥, 마리슈, 다브다",http://ticket.interpark.com/Ticket/Goods/GoodsInfo.asp?GroupCode=17010575,http://ticketimage.interpark.com/Play/image/large/17/17010575_p.gif
67,InterPark Ticket,2017 거미 앨범 발매기념 콘서트 〈STROKE〉 - 성남,2017.11.04,성남아트센터 오페라하우스,거미,http://ticket.interpark.com/Ticket/Goods/GoodsInfo.asp?GroupCode=17011113,http://ticketimage.interpark.com/Play/image/large/17/17011113_p.gif
68,InterPark Ticket,맘마미아 콘서트 - 경주,2017.10.14,경주예술의전당 대공연장,아바걸스,http://ticket.interpark.com/Ticket/Goods/GoodsInfo.asp?GroupCode=17011362,http://ticketimage.interpark.com/Play/image/large/17/17011362_p.gif
69,InterPark Ticket,［ 2017 Theatre 이문세 ］ - 광주,2017.10.27 ~ 2017.10.28,광주문화예술회관 대극장,이문세,http://ticket.interpark.com/Ticket/Goods/GoodsInfo.asp?GroupCode=17009733,http://ticketimage.interpark.com/Play/image/large/17/17009733_p.gif
70,InterPark Ticket,［ 2017 Theatre 이문세 ］ - 대전,2017.10.20 ~ 2017.10.21,충남대학교 정심화홀,이문세,http://ticket.interpark.com/Ticket/Goods/GoodsInfo.asp?GroupCode=17009643,http://ticketimage.interpark.com/Play/image/large/17/17009643_p.gif
71,InterPark Ticket,이미자 콘서트 - 경기 광주,2017.11.04,남한산성아트홀 대극장 (광주시문화스포츠센터),"이미자, 이택림",http://ticket.interpark.com/Ticket/Goods/GoodsInfo.asp?GroupCode=17011360,http://ticketimage.interpark.com/Play/image/large/17/17011360_p.gif
72,InterPark Ticket,뮤지컬배우 정성화 단독콘서트 ‘Dream.er’ - 구리,2017.11.03,구리아트홀 코스모스 대극장,정성화,http://ticket.interpark.com/Ticket/Goods/GoodsInfo.asp?GroupCode=17012645,http://ticketimage.interpark.com/Play/image/large/17/17012645_p.gif
73,InterPark Ticket,2017 “윤종신 좋니？” 전국투어 콘서트 - 울산,2017.10.28,KBS 울산홀,윤종신,http://ticket.interpark.com/Ticket/Goods/GoodsInfo.asp?GroupCode=17012241,http://ticketimage.interpark.com/Play/image/large/17/17012241_p.gif
74,InterPark Ticket,페스티벌 ‘슬로우 라이프 슬로우 라이브 2017’,2017.10.07,잠실종합운동장 주경기장,"한스 짐머, 저스틴 허위츠, 디토 오케스트라",http://ticket.interpark.com/Ticket/Goods/GoodsInfo.asp?GroupCode=17011751,http://ticketimage.interpark.com/Play/image/large/17/17011751_p.gif
75,InterPark Ticket,듀에토 콘서트 〈듀에토이즘(DUETTO-ISM)〉,2017.10.14 ~ 2017.10.15,유니버설아트센터,듀에토,http://ticket.interpark.com/Ticket/Goods/GoodsInfo.asp?GroupCode=17012537,http://ticketimage.interpark.com/Play/image/large/17/17012537_p.gif
76,InterPark Ticket,2017 이승철 콘서트 〈COME BACK〉 - 수원,2017.11.11,수원 종합운동장 실내체육관,이승철,http://ticket.interpark.com/Ticket/Goods/GoodsInfo.asp?GroupCode=17012628,http://ticketimage.interpark.com/Play/image/large/17/17012628_p.gif
77,InterPark Ticket,쇼미더머니6 콘서트(Show Me The Money 6 Concert) - 대구,2017.10.28,대구 EXCO 1층 1홀,"다이나믹 듀오, 도끼, 넉살, 한해, 딘",http://ticket.interpark.com/Ticket/Goods/GoodsInfo.asp?GroupCode=17010542,http://ticketimage.interpark.com/Play/image/large/17/17010542_p.gif
78,InterPark Ticket,2017 조항조＆장윤정 콘서트 - 포항,2017.10.22,포항실내체육관,"장윤정, 조항조",http://ticket.interpark.com/Ticket/Goods/GoodsInfo.asp?GroupCode=17010572,http://ticketimage.interpark.com/Play/image/large/17/17010572_p.gif
79,InterPark Ticket,2017 윤문식 마당놀이전_인천,2017.11.04,인천문화예술회관 대공연장,"윤문식, 정준태, 우상민",http://ticket.interpark.com/Ticket/Goods/GoodsInfo.asp?GroupCode=17011418,http://ticketimage.interpark.com/Play/image/large/17/17011418_p.gif
80,InterPark Ticket,소리인생 45주년〈2017 김영임의 소리 ‘孝’ 대공연〉- 수원,2017.10.07,경기도문화의전당 대극장,김영임,http://ticket.interpark.com/Ticket/Goods/GoodsInfo.asp?GroupCode=17011404,http://ticketimage.interpark.com/Play/image/large/17/17011404_p.gif
81,InterPark Ticket,추석맞이 조항조＆장윤정 울산콘서트,2017.09.30,KBS 울산홀,"장윤정, 조항조",http://ticket.interpark.com/Ticket/Goods/GoodsInfo.asp?GroupCode=17010494,http://ticketimage.interpark.com/Play/image/large/17/17010494_p.gif
82,InterPark Ticket,김종서 30주년 콘서트,2017.09.12 ~ 2017.10.09,SH아트홀,김종서,http://ticket.interpark.com/Ticket/Goods/GoodsInfo.asp?GroupCode=17010133,http://ticketimage.interpark.com/Play/image/large/17/17010133_p.gif
83,InterPark Ticket,2017 김광석 다시부르기 - 제주,2017.09.30,제주아트센터,"유리상자, 동물원, 황정민, 한동준, 박학기, 윤도현, 장필순, 자전거 탄 풍경, 박시환",http://ticket.interpark.com/Ticket/Goods/GoodsInfo.asp?GroupCode=17010517,http://ticketimage.interpark.com/Play/image/large/17/17010517_p.gif
84,InterPark Ticket,이은미 2017-2018 전국투어 : 알바트로스 - 대구,2017.10.28,경북대학교 대강당,이은미,http://ticket.interpark.com/Ticket/Goods/GoodsInfo.asp?GroupCode=17011726,http://ticketimage.interpark.com/Play/image/large/17/17011726_p.gif
85,InterPark Ticket,추석맞이 조항조＆장윤정 순천콘서트,2017.10.09,순천팔마체육관,"장윤정, 조항조",http://ticket.interpark.com/Ticket/Goods/GoodsInfo.asp?GroupCode=17010758,http://ticketimage.interpark.com/Play/image/large/17/17010758_p.gif
86,InterPark Ticket,＃청춘해_미리보는 2017전파EXPO - 광주,2017.09.28,GIST(광주과학기술원) 기계공학동 잔디광장,"넉살, 던밀스, 여자친구",http://ticket.interpark.com/Ticket/Goods/GoodsInfo.asp?GroupCode=17011802,http://ticketimage.interpark.com/Play/image/large/17/17011802_p.gif
87,InterPark Ticket,［ 2017 Theatre 이문세 ］ - 군산,2017.12.08 ~ 2017.12.09,군산예술의전당 대공연장,이문세,http://ticket.interpark.com/Ticket/Goods/GoodsInfo.asp?GroupCode=17012758,http://ticketimage.interpark.com/Play/image/large/17/17012758_p.gif
88,InterPark Ticket,［ 2017 Theatre 이문세 ］ - 수원,2017.10.13 ~ 2017.10.14,경기도문화의전당 대극장,이문세,http://ticket.interpark.com/Ticket/Goods/GoodsInfo.asp?GroupCode=17009218,http://ticketimage.interpark.com/Play/image/large/17/17009218_p.gif
89,InterPark Ticket,［ 2017 Theatre 이문세 ］ - 춘천,2017.11.24 ~ 2017.11.25,춘천 강원대학교 백령아트센터,이문세,http://ticket.interpark.com/Ticket/Goods/GoodsInfo.asp?GroupCode=17010368,http://ticketimage.interpark.com/Play/image/large/17/17010368_p.gif
90,InterPark Ticket,［고양］2017 이루마 라이브 콘서트 〈Frame〉,2017.11.04,고양아람누리 아람극장,이루마,http://ticket.interpark.com/Ticket/Goods/GoodsInfo.asp?GroupCode=17012156,http://ticketimage.interpark.com/Play/image/large/17/17012156_p.gif
91,InterPark Ticket,［부산］장윤정＆조항조 콘서트,2017.10.07,부산시민회관 대극장,"장윤정, 조항조",http://ticket.interpark.com/Ticket/Goods/GoodsInfo.asp?GroupCode=17009797,http://ticketimage.interpark.com/Play/image/large/17/17009797_p.gif
92,InterPark Ticket,［서울］2017 이루마 라이브 콘서트 〈Frame〉,2017.11.11,세종문화회관 대극장,이루마,http://ticket.interpark.com/Ticket/Goods/GoodsInfo.asp?GroupCode=17012150,http://ticketimage.interpark.com/Play/image/large/17/17012150_p.gif
93,InterPark Ticket,［성남］ 2017 이루마 라이브 콘서트〈Frame〉,2017.11.05,성남아트센터 오페라하우스,이루마,http://ticket.interpark.com/Ticket/Goods/GoodsInfo.asp?GroupCode=17012066,http://ticketimage.interpark.com/Play/image/large/17/17012066_p.gif
94,InterPark Ticket,［책과 음악이 있는 하룻밤］미드나잇 블루 얼리버드 티켓,2017.10.27 ~ 2017.10.28,블루스퀘어 북파크 ＆ 카오스홀,Null,http://ticket.interpark.com/Ticket/Goods/GoodsInfo.asp?GroupCode=17012367,http://ticketimage.interpark.com/Play/image/large/17/17012367_p.gif
95,InterPark Ticket,［Brunch Stage ＃2］피아노가 있는 브런치 with 배장은 ＆ 이지민,2017.09.28,블루스퀘어 카오스홀,Null,http://ticket.interpark.com/Ticket/Goods/GoodsInfo.asp?GroupCode=17012410,http://ticketimage.interpark.com/Play/image/large/17/17012410_p.gif
96,InterPark Ticket,‘유리상자’ 감성보컬 이세준의 테마가 있는 콘서트,2017.09.29,마리아칼라스홀,이세준,http://ticket.interpark.com/Ticket/Goods/GoodsInfo.asp?GroupCode=17010823,http://ticketimage.interpark.com/Play/image/large/17/17010823_p.gif
97,InterPark Ticket,“쓸쓸하고 찬란하神 - 도깨비” 콘서트,2017.08.12 ~ 2017.10.28,한국콘텐츠진흥원 ckl기업지원센터 9층,페이텀,http://ticket.interpark.com/Ticket/Goods/GoodsInfo.asp?GroupCode=17010146,http://ticketimage.interpark.com/Play/image/large/17/17010146_p.gif
98,InterPark Ticket,“위대한 10년의 기적” 폴포츠 콘서트,2017.10.21,세종문화회관 대극장,폴 포츠,http://ticket.interpark.com/Ticket/Goods/GoodsInfo.asp?GroupCode=17012606,http://ticketimage.interpark.com/Play/image/large/17/17012606_p.gif
99,InterPark Ticket,〈2017 국립극장 제야음악회〉,2017.12.31,국립극장 해오름극장,Null,http://ticket.interpark.com/Ticket/Goods/GoodsInfo.asp?GroupCode=17009339,http://ticketimage.interpark.com/Play/image/large/17/17009339_p.gif
100,InterPark Ticket,〈강상준 7080 콘서트〉 - 인천,2017.09.27,인천서구문화회관 대공연장,Null,http://ticket.interpark.com/Ticket/Goods/GoodsInfo.asp?GroupCode=17011818,http://ticketimage.interpark.com/Play/image/large/17/17011818_p.gif
101,InterPark Ticket,015B 콘서트 “Homecoming”,2017.10.21,KBS 아레나,"015B, 윤종신",http://ticket.interpark.com/Ticket/Goods/GoodsInfo.asp?GroupCode=17012134,http://ticketimage.interpark.com/Play/image/large/17/17012134_p.gif
102,InterPark Ticket,"2017 ‘만9,900원의 행복’ 서영은콘서트 - 울산",2017.10.29,울산 KBS홀,서영은,http://ticket.interpark.com/Ticket/Goods/GoodsInfo.asp?GroupCode=17012702,http://ticketimage.interpark.com/Play/image/large/17/17012702_p.gif
103,InterPark Ticket,2017 “THE 주현미 SHOW” in 청주,2017.11.25,CJB미디어센터 에덴아트홀,주현미,http://ticket.interpark.com/Ticket/Goods/GoodsInfo.asp?GroupCode=17013124,http://ticketimage.interpark.com/Play/image/large/17/17013124_p.gif
104,InterPark Ticket,2017 거미 앨범 발매기념 콘서트 〈STROKE〉 - 전주,2017.11.11,한국소리문화의전당 모악당,거미,http://ticket.interpark.com/Ticket/Goods/GoodsInfo.asp?GroupCode=17011110,http://ticketimage.interpark.com/Play/image/large/17/17011110_p.gif
105,InterPark Ticket,2017 거미 앨범 발매기념 콘서트 〈STROKE〉 - 창원,2017.10.21,KBS 창원홀,거미,http://ticket.interpark.com/Ticket/Goods/GoodsInfo.asp?GroupCode=17010172,http://ticketimage.interpark.com/Play/image/large/17/17010172_p.gif
106,InterPark Ticket,2017 김경호 전국투어 콘서트［THE SHOW MUST GO ON］- 김해,2017.11.04,김해문화의전당 마루홀,김경호,http://ticket.interpark.com/Ticket/Goods/GoodsInfo.asp?GroupCode=17013035,http://ticketimage.interpark.com/Play/image/large/17/17013035_p.gif
107,InterPark Ticket,2017 김경호 전국투어 콘서트［THE SHOW MUST GO ON］- 전주,2017.10.28,전북대학교 삼성문화회관,김경호,http://ticket.interpark.com/Ticket/Goods/GoodsInfo.asp?GroupCode=17011702,http://ticketimage.interpark.com/Play/image/large/17/17011702_p.gif
108,InterPark Ticket,2017 김광석 다시부르기-전주,2017.11.04,전북대학교 삼성문화회관,"유리상자, 동물원, 황정민, 박학기, 장필순, 루나, 자전거 탄 풍경, 박시환",http://ticket.interpark.com/Ticket/Goods/GoodsInfo.asp?GroupCode=17012038,http://ticketimage.interpark.com/Play/image/large/17/17012038_p.gif
109,InterPark Ticket,2017 김연자 추석맞이 서울콘서트 - 아모르파티,2017.10.07,KBS아레나 (구 88체육관),김연자,http://ticket.interpark.com/Ticket/Goods/GoodsInfo.asp?GroupCode=17011128,http://ticketimage.interpark.com/Play/image/large/17/17011128_p.gif
110,InterPark Ticket,2017 김연자 효콘서트 - 창원,2017.11.11,창원 KBS홀,김연자,http://ticket.interpark.com/Ticket/Goods/GoodsInfo.asp?GroupCode=17012931,http://ticketimage.interpark.com/Play/image/large/17/17012931_p.gif
111,InterPark Ticket,2017 나윤선 고양 콘서트 - 고양,2017.12.19,고양아람누리 아람극장,나윤선,http://ticket.interpark.com/Ticket/Goods/GoodsInfo.asp?GroupCode=17013237,http://ticketimage.interpark.com/Play/image/large/17/17013237_p.gif
112,InterPark Ticket,2017 남진 콘서트 - 제주,2017.10.08,제주아트센터,남진,http://ticket.interpark.com/Ticket/Goods/GoodsInfo.asp?GroupCode=17010580,http://ticketimage.interpark.com/Play/image/large/17/17010580_p.gif
113,InterPark Ticket,2017 대전 힙합 페스티벌,2017.10.13 ~ 2017.10.14,대전무역전시관 야외 특설무대,"도끼, 더콰이엇, 딥플로우, 우탄, 기리보이, 올티, 넉살, 씨잼, 오디, 천재노창, 던밀스, 한해, 슈퍼비, 면도, 김효은, 창모, 해쉬스완, 한요한",http://ticket.interpark.com/Ticket/Goods/GoodsInfo.asp?GroupCode=17012153,http://ticketimage.interpark.com/Play/image/large/17/17012153_p.gif
114,InterPark Ticket,2017 러시아워콘서트 3.- 고상지 ‘부에노스 아이레스 탱고 카페’,2017.11.23,LG아트센터,고상지,http://ticket.interpark.com/Ticket/Goods/GoodsInfo.asp?GroupCode=17002156,http://ticketimage.interpark.com/Play/image/large/17/17002156_p.gif
115,InterPark Ticket,2017 론 브랜튼의 〈재즈 크리스마스！〉,2017.12.24,세종문화회관 M씨어터,론 브랜튼,http://ticket.interpark.com/Ticket/Goods/GoodsInfo.asp?GroupCode=17013175,http://ticketimage.interpark.com/Play/image/large/17/17013175_p.gif
116,InterPark Ticket,2017 문화가 있는 날 작은음악회 ＇낮달＇ - 전주 - 제나탱고,2017.11.29,한국소리문화의전당 명인홀,Null,http://ticket.interpark.com/Ticket/Goods/GoodsInfo.asp?GroupCode=17006636,http://ticketimage.interpark.com/Play/image/large/17/17006636_p.gif
117,InterPark Ticket,2017 미스터빅 내한공연,2017.10.08,예스24 라이브홀,미스터빅,http://ticket.interpark.com/Ticket/Goods/GoodsInfo.asp?GroupCode=17012586,http://ticketimage.interpark.com/Play/image/large/17/17012586_p.gif
118,InterPark Ticket,2017 버즈 전국투어 콘서트 ‘JUST ONE’ - 대전,2017.11.05,충남대학교 정심화홀,버즈,http://ticket.interpark.com/Ticket/Goods/GoodsInfo.asp?GroupCode=17013117,http://ticketimage.interpark.com/Play/image/large/17/17013117_p.gif
119,InterPark Ticket,2017 벤 콘서트［BEN＇s Memory］,2017.10.21 ~ 2017.10.22,KT＆G 상상마당 대치아트홀,벤,http://ticket.interpark.com/Ticket/Goods/GoodsInfo.asp?GroupCode=17011699,http://ticketimage.interpark.com/Play/image/large/17/17011699_p.gif
120,InterPark Ticket,2017 변진섭 30주년 여수콘서트,2017.11.17 ~ 2017.11.18,GS칼텍스 예울마루 대극장,변진섭,http://ticket.interpark.com/Ticket/Goods/GoodsInfo.asp?GroupCode=17012152,http://ticketimage.interpark.com/Play/image/large/17/17012152_p.gif
121,InterPark Ticket,2017 변진섭 30주년 콘서트 〈TIMELESS〉 - 대전,2017.11.04,대전 우송예술회관,변진섭,http://ticket.interpark.com/Ticket/Goods/GoodsInfo.asp?GroupCode=17012907,http://ticketimage.interpark.com/Play/image/large/17/17012907_p.gif
122,InterPark Ticket,2017 변진섭 30주년 콘서트 〈TIMELESS〉 - 창원,2017.10.28 ~ 2017.10.29,KBS 창원홀,변진섭,http://ticket.interpark.com/Ticket/Goods/GoodsInfo.asp?GroupCode=17011613,http://ticketimage.interpark.com/Play/image/large/17/17011613_p.gif
123,InterPark Ticket,2017 송년기획 이미자 효 목포음악회,2017.12.16,목포시민문화체육센터 대공연장,Null,http://ticket.interpark.com/Ticket/Goods/GoodsInfo.asp?GroupCode=17013212,http://ticketimage.interpark.com/Play/image/large/NoImage.gif
124,InterPark Ticket,2017 쎄시봉 친구들 - 오산,2017.12.30,오산문화예술회관 대공연장,"김세환, 윤형주, 정훈희",http://ticket.interpark.com/Ticket/Goods/GoodsInfo.asp?GroupCode=17012084,http://ticketimage.interpark.com/Play/image/large/17/17012084_p.gif
125,InterPark Ticket,2017 아르테 재즈나이트 - 33,2017.10.27,통영국제음악당 레스토랑,Null,http://ticket.interpark.com/Ticket/Goods/GoodsInfo.asp?GroupCode=17013052,http://ticketimage.interpark.com/Play/image/large/NoImage.gif
126,InterPark Ticket,2017 어반자카파 전국투어 콘서트 - 고양,2017.11.11 ~ 2017.11.12,고양아람누리 아람극장,어반자카파,http://ticket.interpark.com/Ticket/Goods/GoodsInfo.asp?GroupCode=17012891,http://ticketimage.interpark.com/Play/image/large/17/17012891_p.gif
127,InterPark Ticket,2017 어반자카파 전국투어 콘서트 - 광주,2017.11.04 ~ 2017.11.05,광주문화예술회관 대극장,어반자카파,http://ticket.interpark.com/Ticket/Goods/GoodsInfo.asp?GroupCode=17012879,http://ticketimage.interpark.com/Play/image/large/17/17012879_p.gif
128,InterPark Ticket,2017 윤문식 마당놀이전_부산,2017.11.05,KBS부산홀,"윤문식, 정준태, 우상민",http://ticket.interpark.com/Ticket/Goods/GoodsInfo.asp?GroupCode=17010714,http://ticketimage.interpark.com/Play/image/large/17/17010714_p.gif
129,InterPark Ticket,2017 이미자 孝 음악회 - 부천,2017.10.28,부천 시민회관 대공연장,"이미자, 이택림",http://ticket.interpark.com/Ticket/Goods/GoodsInfo.asp?GroupCode=17011606,http://ticketimage.interpark.com/Play/image/large/17/17011606_p.gif
130,InterPark Ticket,2017 이병우 기타 솔로 콘서트 〈우주기타〉,2017.10.20 ~ 2017.10.21,백암아트홀,이병우,http://ticket.interpark.com/Ticket/Goods/GoodsInfo.asp?GroupCode=17011660,http://ticketimage.interpark.com/Play/image/large/17/17011660_p.gif
131,InterPark Ticket,2017 이승철 콘서트 〈COME BACK〉 - 천안,2017.11.04,천안 남서울대학교 성암문화체육관,이승철,http://ticket.interpark.com/Ticket/Goods/GoodsInfo.asp?GroupCode=17012505,http://ticketimage.interpark.com/Play/image/large/17/17012505_p.gif
132,InterPark Ticket,2017 이준 서울팬미팅 The Present,2017.09.30,올림픽공원 K-아트홀,이준,http://ticket.interpark.com/Ticket/Goods/GoodsInfo.asp?GroupCode=17010767,http://ticketimage.interpark.com/Play/image/large/17/17010767_p.gif
133,InterPark Ticket,2017 인문학콘서트Ⅲ - 대전,2017.09.26,대전예술의전당 앙상블홀,Null,http://ticket.interpark.com/Ticket/Goods/GoodsInfo.asp?GroupCode=17002977,http://ticketimage.interpark.com/Play/image/large/17/17002977_p.gif
134,InterPark Ticket,2017 인문학콘서트Ⅳ - 대전,2017.10.18,대전예술의전당 앙상블홀,Null,http://ticket.interpark.com/Ticket/Goods/GoodsInfo.asp?GroupCode=17002978,http://ticketimage.interpark.com/Play/image/large/17/17002978_p.gif
135,InterPark Ticket,2017 인문학콘서트Ⅴ - 대전,2017.11.15,대전예술의전당 앙상블홀,Null,http://ticket.interpark.com/Ticket/Goods/GoodsInfo.asp?GroupCode=17002984,http://ticketimage.interpark.com/Play/image/large/17/17002984_p.gif
136,InterPark Ticket,2017 일렉트릭 스카이 뮤직 페스티벌,2017.10.03,잠실 보조경기장,갈란티스,http://ticket.interpark.com/Ticket/Goods/GoodsInfo.asp?GroupCode=17011417,http://ticketimage.interpark.com/Play/image/large/17/17011417_p.gif
137,InterPark Ticket,2017 정동하 콘서트［THE ARTIST : 소리］- 전주,2017.11.11,전북대학교 삼성문화회관,정동하,http://ticket.interpark.com/Ticket/Goods/GoodsInfo.asp?GroupCode=17012938,http://ticketimage.interpark.com/Play/image/large/17/17012938_p.gif
138,InterPark Ticket,2017 정동하 콘서트［THE ARTIST : 소리］- 춘천,2017.10.28,춘천 강원대학교 백령아트센터,정동하,http://ticket.interpark.com/Ticket/Goods/GoodsInfo.asp?GroupCode=17011835,http://ticketimage.interpark.com/Play/image/large/17/17011835_p.gif
139,InterPark Ticket,2017 조항조 ＆ 장윤정 콘서트 - 광주,2017.10.01,광주문화예술회관 대극장,"장윤정, 조항조",http://ticket.interpark.com/Ticket/Goods/GoodsInfo.asp?GroupCode=17008789,http://ticketimage.interpark.com/Play/image/large/17/17008789_p.gif
140,InterPark Ticket,"2017 카즈미 타테이시 트리오 내한공연-지브리,재즈를 만나다- (서울 광림아트센터)",2017.12.07,광림아트센터 장천홀,카즈미 타테이시,http://ticket.interpark.com/Ticket/Goods/GoodsInfo.asp?GroupCode=17013215,http://ticketimage.interpark.com/Play/image/large/17/17013215_p.gif
141,InterPark Ticket,"2017 카즈미 타테이시 트리오 내한공연-지브리,재즈를 만나다- (서울 세종문화회관)",2017.12.06,세종문화회관 M씨어터,카즈미 타테이시,http://ticket.interpark.com/Ticket/Goods/GoodsInfo.asp?GroupCode=17013156,http://ticketimage.interpark.com/Play/image/large/17/17013156_p.gif
142,InterPark Ticket,"2017 카즈미 타테이시 트리오 내한공연-지브리,재즈를 만나다-(고양)",2017.12.09,고양 어울림누리 어울림극장,카즈미 타테이시,http://ticket.interpark.com/Ticket/Goods/GoodsInfo.asp?GroupCode=17013162,http://ticketimage.interpark.com/Play/image/large/17/17013162_p.gif
143,InterPark Ticket,2017 터보 첫 극장판 콘서트 〈아는형들〉 대전,2017.10.13,충남대학교 정심화홀,터보,http://ticket.interpark.com/Ticket/Goods/GoodsInfo.asp?GroupCode=17009895,http://ticketimage.interpark.com/Play/image/large/17/17009895_p.gif
144,InterPark Ticket,2017 한영애 콘서트 - 바람,2017.10.07,세종문화회관 M씨어터,한영애,http://ticket.interpark.com/Ticket/Goods/GoodsInfo.asp?GroupCode=17012014,http://ticketimage.interpark.com/Play/image/large/17/17012014_p.gif
145,InterPark Ticket,2017 환희 앵콜 콘서트〈THE ORIGINAL〉,2017.09.29 ~ 2017.09.30,유니버설아트센터,환희,http://ticket.interpark.com/Ticket/Goods/GoodsInfo.asp?GroupCode=17011440,http://ticketimage.interpark.com/Play/image/large/17/17011440_p.gif
146,InterPark Ticket,2017 K-POP WORLD FESTIVAL IN CHANGWON,2017.09.29,창원종합운동장,"에일리, 방탄소년단, 몬스타 엑스, 아스트로, 트와이스, NCT 127",http://ticket.interpark.com/Ticket/Goods/GoodsInfo.asp?GroupCode=17010957,http://ticketimage.interpark.com/Play/image/large/17/17010957_p.gif
147,InterPark Ticket,2017 The 3rd 크리스마스 프리미엄 갈라쇼,2017.12.23 ~ 2017.12.24,코엑스 그랜드 볼룸,"에드워드 권, 이연복, 김다현, 윤형렬",http://ticket.interpark.com/Ticket/Goods/GoodsInfo.asp?GroupCode=17012824,http://ticketimage.interpark.com/Play/image/large/17/17012824_p.gif
148,InterPark Ticket,2017 The 최현우 Ask？＆ answer!. - 고양,2017.10.21 ~ 2017.10.22,고양아람누리 아람극장,최현우,http://ticket.interpark.com/Ticket/Goods/GoodsInfo.asp?GroupCode=17010716,http://ticketimage.interpark.com/Play/image/large/17/17010716_p.gif
149,InterPark Ticket,2017대전국제기타페스티벌 - 마사아키 키시베(Masaaki Kishibe),2017.10.11,대전예술가의집 누리홀,Null,http://ticket.interpark.com/Ticket/Goods/GoodsInfo.asp?GroupCode=17012545,http://ticketimage.interpark.com/Play/image/large/17/17012545_p.gif
150,InterPark Ticket,2017대전국제기타페스티벌 - 박주원밴드＆말로,2017.10.14,대전예술의전당 아트홀,"말로, 박주원",http://ticket.interpark.com/Ticket/Goods/GoodsInfo.asp?GroupCode=17012552,http://ticketimage.interpark.com/Play/image/large/17/17012552_p.gif
151,InterPark Ticket,2017대전국제기타페스티벌 - 이정선의 토크콘서트,2017.10.12,대전예술가의집 누리홀,Null,http://ticket.interpark.com/Ticket/Goods/GoodsInfo.asp?GroupCode=17012548,http://ticketimage.interpark.com/Play/image/large/17/17012548_p.gif
152,InterPark Ticket,2017대전국제기타페스티벌 - 하타슈지＆장하은,2017.10.13,대전예술가의집 누리홀,Null,http://ticket.interpark.com/Ticket/Goods/GoodsInfo.asp?GroupCode=17012550,http://ticketimage.interpark.com/Play/image/large/17/17012550_p.gif
153,InterPark Ticket,2Moons Fan-meeting in Korea,2017.10.21,명보아트홀 하람홀,Null,http://ticket.interpark.com/Ticket/Goods/GoodsInfo.asp?GroupCode=17010941,http://ticketimage.interpark.com/Play/image/large/17/17010941_p.gif
154,InterPark Ticket,2nd Symphony of the Masterchefs,2017.10.09,롯데호텔서울 크리스탈볼룸(2F),금난새,http://ticket.interpark.com/Ticket/Goods/GoodsInfo.asp?GroupCode=17011808,http://ticketimage.interpark.com/Play/image/large/17/17011808_p.gif
155,InterPark Ticket,33주년 최인혁 라이브 콘서트,2017.10.28,목동 아이스링크,Null,http://ticket.interpark.com/Ticket/Goods/GoodsInfo.asp?GroupCode=17011608,http://ticketimage.interpark.com/Play/image/large/17/17011608_p.gif
156,InterPark Ticket,같이걸어가기 2017,2017.10.20 ~ 2017.10.21,디앤지홀,"염평안, 임성규, 조찬미",http://ticket.interpark.com/Ticket/Goods/GoodsInfo.asp?GroupCode=17011849,http://ticketimage.interpark.com/Play/image/large/17/17011849_p.gif
157,InterPark Ticket,개그 핫 콘서트 - 아산,2017.09.01 ~ 2017.09.30,아산 코미디홀,Null,http://ticket.interpark.com/Ticket/Goods/GoodsInfo.asp?GroupCode=17010550,http://ticketimage.interpark.com/Play/image/large/17/17010550_p.gif
158,InterPark Ticket,개그 핫 콘서트 - 아산,2017.10.01 ~ 2017.10.31,아산 코미디홀,Null,http://ticket.interpark.com/Ticket/Goods/GoodsInfo.asp?GroupCode=17012500,http://ticketimage.interpark.com/Play/image/large/17/17012500_p.gif
159,InterPark Ticket,"고은성,곽동현,박상돈,이동신 〈오버더크로스오버〉 콘서트 - 고양",2017.10.14,고양아람누리 아람극장,"박상돈, 곽동현, 고은성, 이동신",http://ticket.interpark.com/Ticket/Goods/GoodsInfo.asp?GroupCode=17010055,http://ticketimage.interpark.com/Play/image/large/17/17010055_p.gif
160,InterPark Ticket,"고은성,곽동현,박상돈,이동신 〈오버더크로스오버〉 콘서트 - 광주",2017.10.28,김대중컨벤션센터 다목적홀,"고은성, 곽동현, 박상돈, 이동신",http://ticket.interpark.com/Ticket/Goods/GoodsInfo.asp?GroupCode=17010057,http://ticketimage.interpark.com/Play/image/large/17/17010057_p.gif
161,InterPark Ticket,"고은성,곽동현,박상돈,이동신 〈오버더크로스오버〉 콘서트 - 서울",2017.10.21,올림픽공원 올림픽홀,"고은성, 곽동현, 박상돈, 이동신",http://ticket.interpark.com/Ticket/Goods/GoodsInfo.asp?GroupCode=17010022,http://ticketimage.interpark.com/Play/image/large/17/17010022_p.gif
162,InterPark Ticket,"고은성,곽동현,박상돈,이동신 〈오버더크로스오버〉 콘서트 - 전주",2017.09.30,한국소리문화의전당 모악당,"고은성, 곽동현, 박상돈, 이동신",http://ticket.interpark.com/Ticket/Goods/GoodsInfo.asp?GroupCode=17010033,http://ticketimage.interpark.com/Play/image/large/17/17010033_p.gif
163,InterPark Ticket,고품격개그쇼 “더 퀄리티”,2017.09.09 ~ 2017.09.30,갈갈이홀,Null,http://ticket.interpark.com/Ticket/Goods/GoodsInfo.asp?GroupCode=17012112,http://ticketimage.interpark.com/Play/image/large/17/17012112_p.gif
164,InterPark Ticket,곽동현＆이동신 〈The Great Wave〉- 창원,2017.10.26,창원 3.15아트센터 대극장,"이동신, 곽동현",http://ticket.interpark.com/Ticket/Goods/GoodsInfo.asp?GroupCode=17013196,http://ticketimage.interpark.com/Play/image/large/17/17013196_p.gif
165,InterPark Ticket,구남과여라이딩스텔라,2017.10.25,서촌공간 서로,구남과여라이딩스텔라,http://ticket.interpark.com/Ticket/Goods/GoodsInfo.asp?GroupCode=17013167,http://ticketimage.interpark.com/Play/image/large/17/17013167_p.gif
166,InterPark Ticket,구윤회 소극장콘서트,2017.10.29,마리아칼라스홀,Null,http://ticket.interpark.com/Ticket/Goods/GoodsInfo.asp?GroupCode=17011698,http://ticketimage.interpark.com/Play/image/large/17/17011698_p.gif
167,InterPark Ticket,김미경의 톡앤쇼 시즌3 〈부모의 자존감이 아이의 미래다〉,2017.11.11 ~ 2017.11.26,KT＆G 상상마당 대치아트홀,Null,http://ticket.interpark.com/Ticket/Goods/GoodsInfo.asp?GroupCode=17012411,http://ticketimage.interpark.com/Play/image/large/17/17012411_p.gif
168,InterPark Ticket,"김소현,손준호의 LOVE＆MUSICAL 토크콘서트-울산",2017.11.09,울주문화예술회관,Null,http://ticket.interpark.com/Ticket/Goods/GoodsInfo.asp?GroupCode=17012293,http://ticketimage.interpark.com/Play/image/large/17/17012293_p.gif
169,InterPark Ticket,김형중콘서트,2017.10.18 ~ 2017.10.22,SH아트홀,김형중,http://ticket.interpark.com/Ticket/Goods/GoodsInfo.asp?GroupCode=17013132,http://ticketimage.interpark.com/Play/image/large/17/17013132_p.gif
170,InterPark Ticket,꿈꾸는씨어터 - 넌버벌퍼포먼스 BEAT UP - 인천,2017.09.27,인천 수봉문화회관 소극장,Null,http://ticket.interpark.com/Ticket/Goods/GoodsInfo.asp?GroupCode=17011722,http://ticketimage.interpark.com/Play/image/large/17/17011722_p.gif
171,InterPark Ticket,나윤선 콘서트,2017.12.23 ~ 2017.12.24,국립극장 해오름극장,나윤선,http://ticket.interpark.com/Ticket/Goods/GoodsInfo.asp?GroupCode=17009594,http://ticketimage.interpark.com/Play/image/large/17/17009594_p.gif
172,InterPark Ticket,노래극단 희망새 콘서트 통일의노래 2017,2017.09.28,홍대 CY씨어터,Null,http://ticket.interpark.com/Ticket/Goods/GoodsInfo.asp?GroupCode=17011663,http://ticketimage.interpark.com/Play/image/large/17/17011663_p.gif
173,InterPark Ticket,노리플라이 콘서트 - 구리,2017.10.14,구리아트홀 유채꽃 소극장,노리플라이,http://ticket.interpark.com/Ticket/Goods/GoodsInfo.asp?GroupCode=17010949,http://ticketimage.interpark.com/Play/image/large/17/17010949_p.gif
174,InterPark Ticket,뉴이스트(NU’EST) OFFICIAL FAN CLUB ‘L.O.Λ.E’ 2기 모집,2017.09.08 ~ 2017.09.30,해당없음,Null,http://ticket.interpark.com/Ticket/Goods/GoodsInfo.asp?GroupCode=17012032,http://ticketimage.interpark.com/Play/image/large/17/17012032_p.gif
175,InterPark Ticket,댕댕이페스티벌 1차 티켓,2017.10.28,여의도 물빛무대,"송은이, 윤하, 도끼, 장필순, 서사무엘, 강형욱",http://ticket.interpark.com/Ticket/Goods/GoodsInfo.asp?GroupCode=17010709,http://ticketimage.interpark.com/Play/image/large/17/17010709_p.gif
176,InterPark Ticket,데파페페 live in KOREA 2017 ~COLORS~,2017.12.15 ~ 2017.12.16,서강대학교 메리홀 대극장,데파페페,http://ticket.interpark.com/Ticket/Goods/GoodsInfo.asp?GroupCode=17013197,http://ticketimage.interpark.com/Play/image/large/17/17013197_p.gif
177,InterPark Ticket,동방현주 빅콘서트,2017.10.15,여의도 KBS홀,Null,http://ticket.interpark.com/Ticket/Goods/GoodsInfo.asp?GroupCode=17011084,http://ticketimage.interpark.com/Play/image/large/17/17011084_p.gif
178,InterPark Ticket,디코다 챔버 앙상블 첫 내한공연,2017.10.22 ~ 2017.10.23,코엑스 오디토리움,Null,http://ticket.interpark.com/Ticket/Goods/GoodsInfo.asp?GroupCode=17011011,http://ticketimage.interpark.com/Play/image/large/17/17011011_p.gif
179,InterPark Ticket,라베이 콘서트,2017.10.28,마리아칼라스홀,Null,http://ticket.interpark.com/Ticket/Goods/GoodsInfo.asp?GroupCode=17013080,http://ticketimage.interpark.com/Play/image/large/NoImage.gif
180,InterPark Ticket,"라이브쇼케이스〈웰컴,콘〉",2017.09.28,플랫폼창동61 레드박스,"킹스턴 루디스카, 아마도 이자람밴드, 아시안체어샷",http://ticket.interpark.com/Ticket/Goods/GoodsInfo.asp?GroupCode=17012739,http://ticketimage.interpark.com/Play/image/large/17/17012739_p.gif
181,InterPark Ticket,랩소디 내한공연(RHAPSODY 20th Anniversary Farewell Tour),2017.11.11,무브홀 (MUV Hall),랩소디 오브 파이어,http://ticket.interpark.com/Ticket/Goods/GoodsInfo.asp?GroupCode=17010340,http://ticketimage.interpark.com/Play/image/large/17/17010340_p.gif
182,InterPark Ticket,"루시드폴 8집 발매 공연 ‘읽고, 노래하다’ - 제주",2017.11.04 ~ 2017.11.05,제주돌문화공원 오백장군갤러리 소극장,루시드폴,http://ticket.interpark.com/Ticket/Goods/GoodsInfo.asp?GroupCode=17013204,http://ticketimage.interpark.com/Play/image/large/17/17013204_p.gif
183,InterPark Ticket,리차드 막스 로맨틱콘서트,2017.10.14,고려대학교 화정체육관,리차드 막스,http://ticket.interpark.com/Ticket/Goods/GoodsInfo.asp?GroupCode=17010398,http://ticketimage.interpark.com/Play/image/large/17/17010398_p.gif
184,InterPark Ticket,리차드 막스 로맨틱콘서트 - 부산,2017.10.15,부산 벡스코 오디토리움,리차드 막스,http://ticket.interpark.com/Ticket/Goods/GoodsInfo.asp?GroupCode=17010556,http://ticketimage.interpark.com/Play/image/large/17/17010556_p.gif
185,InterPark Ticket,리차드 막스 로맨틱콘서트 - 인천,2017.10.12,인천 남동체육관,리차드 막스,http://ticket.interpark.com/Ticket/Goods/GoodsInfo.asp?GroupCode=17010401,http://ticketimage.interpark.com/Play/image/large/17/17010401_p.gif
186,InterPark Ticket,"마리아칼라스홀 〈황덕호의 THIS IS OUR JAZZ：성기문, 오창민 트리오〉",2017.12.21,마리아칼라스홀,Null,http://ticket.interpark.com/Ticket/Goods/GoodsInfo.asp?GroupCode=17001308,http://ticketimage.interpark.com/Play/image/large/17/17001308_p.gif
187,InterPark Ticket,마리아칼라스홀 〈황덕호의 THIS IS OUR JAZZ：전용준 피아노 독주회〉,2017.10.19,마리아칼라스홀,Null,http://ticket.interpark.com/Ticket/Goods/GoodsInfo.asp?GroupCode=17001307,http://ticketimage.interpark.com/Play/image/large/17/17001307_p.gif
188,InterPark Ticket,"마인드유 단독콘서트〈다시, RE：MIND〉",2017.11.11 ~ 2017.11.12,블루스퀘어 삼성카드홀,Null,http://ticket.interpark.com/Ticket/Goods/GoodsInfo.asp?GroupCode=17013174,http://ticketimage.interpark.com/Play/image/large/NoImage.gif
189,InterPark Ticket,마티나스 아코디언 콘서트-울산,2017.10.27,울주문화예술회관,Null,http://ticket.interpark.com/Ticket/Goods/GoodsInfo.asp?GroupCode=17011683,http://ticketimage.interpark.com/Play/image/large/17/17011683_p.gif
190,InterPark Ticket,맘마미아 콘서트 - 거제,2017.10.15,거제문화예술회관 대극장,아바걸스,http://ticket.interpark.com/Ticket/Goods/GoodsInfo.asp?GroupCode=17011723,http://ticketimage.interpark.com/Play/image/large/17/17011723_p.gif
191,InterPark Ticket,맘마미아 콘서트 - 당진,2017.10.22,당진 문예의전당 대공연장,아바걸스,http://ticket.interpark.com/Ticket/Goods/GoodsInfo.asp?GroupCode=17011428,http://ticketimage.interpark.com/Play/image/large/17/17011428_p.gif
192,InterPark Ticket,맘마미아 콘서트 - 순천,2017.10.19,순천문화예술회관 대극장,아바걸스,http://ticket.interpark.com/Ticket/Goods/GoodsInfo.asp?GroupCode=17011425,http://ticketimage.interpark.com/Play/image/large/17/17011425_p.gif
193,InterPark Ticket,맘마미아 콘서트 - 의정부,2017.10.21,의정부예술의전당 대극장,아바걸스,http://ticket.interpark.com/Ticket/Goods/GoodsInfo.asp?GroupCode=17010395,http://ticketimage.interpark.com/Play/image/large/17/17010395_p.gif
194,InterPark Ticket,목요일＆콘서트 vol.4_카이＆조윤성 - 안양,2017.10.19,평촌아트홀,"카이, 조윤성",http://ticket.interpark.com/Ticket/Goods/GoodsInfo.asp?GroupCode=17010576,http://ticketimage.interpark.com/Play/image/large/17/17010576_p.gif
195,InterPark Ticket,목요일＆콘서트 vol.5_윈터플레이 - 안양,2017.11.16,평촌아트홀,윈터플레이,http://ticket.interpark.com/Ticket/Goods/GoodsInfo.asp?GroupCode=17010577,http://ticketimage.interpark.com/Play/image/large/17/17010577_p.gif
196,InterPark Ticket,못(Mot) 단독 공연 ‘재와 연기의 노래’ (original / acoustic),2017.11.04 ~ 2017.11.05,KT＆G 상상마당 대치아트홀,못,http://ticket.interpark.com/Ticket/Goods/GoodsInfo.asp?GroupCode=17012236,http://ticketimage.interpark.com/Play/image/large/17/17012236_p.gif
197,InterPark Ticket,바버렛츠 단독공연: 커튼콜,2017.10.22,KT＆G 상상마당 라이브홀,바버렛츠,http://ticket.interpark.com/Ticket/Goods/GoodsInfo.asp?GroupCode=17012508,http://ticketimage.interpark.com/Play/image/large/17/17012508_p.gif
198,InterPark Ticket,박강수 광주  콘서트,2017.10.26,예술극장 통,Null,http://ticket.interpark.com/Ticket/Goods/GoodsInfo.asp?GroupCode=17012053,http://ticketimage.interpark.com/Play/image/large/17/17012053_p.gif
199,InterPark Ticket,박강수 대구소극장 콘서트 - 대구,2017.09.28,청운아트센터,박강수,http://ticket.interpark.com/Ticket/Goods/GoodsInfo.asp?GroupCode=17011322,http://ticketimage.interpark.com/Play/image/large/17/17011322_p.gif
200,InterPark Ticket,박강수 서울공연 10월,2017.10.11,홍대 베짱이홀,Null,http://ticket.interpark.com/Ticket/Goods/GoodsInfo.asp?GroupCode=17012127,http://ticketimage.interpark.com/Play/image/large/17/17012127_p.gif
201,InterPark Ticket,박강수1st 논산공연,2017.10.19,소극장 마당,Null,http://ticket.interpark.com/Ticket/Goods/GoodsInfo.asp?GroupCode=17012051,http://ticketimage.interpark.com/Play/image/large/17/17012051_p.gif
202,InterPark Ticket,박완 싱글앨범 발매 단독콘서트,2017.10.12,여의도 KBS홀,Null,http://ticket.interpark.com/Ticket/Goods/GoodsInfo.asp?GroupCode=17011821,http://ticketimage.interpark.com/Play/image/large/17/17011821_p.gif
203,InterPark Ticket,박학기 콘서트［계절학기］,2017.10.21,올림픽공원 뮤즈라이브홀,박학기,http://ticket.interpark.com/Ticket/Goods/GoodsInfo.asp?GroupCode=17012939,http://ticketimage.interpark.com/Play/image/large/17/17012939_p.gif
204,InterPark Ticket,박해진 공식 팬클럽 〈CLUB Jin‘s〉 2기 창단식,2017.10.14,올림픽공원 우리금융아트홀,Null,http://ticket.interpark.com/Ticket/Goods/GoodsInfo.asp?GroupCode=17012165,http://ticketimage.interpark.com/Play/image/large/17/17012165_p.gif
205,InterPark Ticket,반려동물과 함께하는〈FIRST GARDEN의 “PET CON”〉- 파주,2017.09.16 ~ 2017.11.11,퍼스트가든,"김경룡, 윤복희, 동물원, 여행스케치, 윤향기, 김학도, 중식이(LUNCH)",http://ticket.interpark.com/Ticket/Goods/GoodsInfo.asp?GroupCode=17011129,http://ticketimage.interpark.com/Play/image/large/17/17011129_p.gif
206,InterPark Ticket,버라이어티 개그쇼〈쇼그맨〉- 인천,2017.09.30,남동소래아트홀 대공연장,"김재욱, 김원효, 박성호, 정범균, 이종훈",http://ticket.interpark.com/Ticket/Goods/GoodsInfo.asp?GroupCode=17011506,http://ticketimage.interpark.com/Play/image/large/17/17011506_p.gif
207,InterPark Ticket,베니 그린 트리오 첫 내한공연,2017.11.18,마포아트센터 아트홀 맥,Null,http://ticket.interpark.com/Ticket/Goods/GoodsInfo.asp?GroupCode=17012714,http://ticketimage.interpark.com/Play/image/large/17/17012714_p.gif
208,InterPark Ticket,부평아트센터 송년음악회 〈김완선〉-인천,2017.12.28,부평아트센터 해누리 극장,김완선,http://ticket.interpark.com/Ticket/Goods/GoodsInfo.asp?GroupCode=17009684,http://ticketimage.interpark.com/Play/image/large/17/17009684_p.gif
209,InterPark Ticket,부활콘서트［2017 THEY ARE COMING in 대구］,2017.10.14,대구보건대 인당아트홀,부활,http://ticket.interpark.com/Ticket/Goods/GoodsInfo.asp?GroupCode=17010222,http://ticketimage.interpark.com/Play/image/large/17/17010222_p.gif
210,InterPark Ticket,부활콘서트［2017 THEY ARE COMING in 창원］,2017.11.11,MBC경남홀,부활,http://ticket.interpark.com/Ticket/Goods/GoodsInfo.asp?GroupCode=17011758,http://ticketimage.interpark.com/Play/image/large/17/17011758_p.gif
211,InterPark Ticket,브런치 콘서트 스페셜 〈두번째 달〉 - 인천,2017.10.26,부평아트센터 해누리 극장,Null,http://ticket.interpark.com/Ticket/Goods/GoodsInfo.asp?GroupCode=17009688,http://ticketimage.interpark.com/Play/image/large/17/17009688_p.gif
212,InterPark Ticket,브런치 콘서트 스페셜 〈소나기〉 - 인천,2017.09.28,부평아트센터 해누리 극장,Null,http://ticket.interpark.com/Ticket/Goods/GoodsInfo.asp?GroupCode=17009633,http://ticketimage.interpark.com/Play/image/large/17/17009633_p.gif
213,InterPark Ticket,브런치 콘서트 스페셜 〈한빛 예술단〉 - 인천,2017.11.30,부평아트센터 해누리 극장,Null,http://ticket.interpark.com/Ticket/Goods/GoodsInfo.asp?GroupCode=17009689,http://ticketimage.interpark.com/Play/image/large/17/17009689_p.gif
214,InterPark Ticket,브런치 콘서트-내 마음속의〈드라마 음악〉,2017.09.26,반석아트홀,Null,http://ticket.interpark.com/Ticket/Goods/GoodsInfo.asp?GroupCode=17011474,http://ticketimage.interpark.com/Play/image/large/17/17011474_p.gif
215,InterPark Ticket,브로콜리 너마저 콘서트(스탠딩) - 구리,2017.11.11,구리아트홀 유채꽃 소극장,브로콜리 너마저,http://ticket.interpark.com/Ticket/Goods/GoodsInfo.asp?GroupCode=17011543,http://ticketimage.interpark.com/Play/image/large/17/17011543_p.gif
216,InterPark Ticket,브로콜리 너마저 콘서트(지정석) - 구리,2017.11.11,구리아트홀 유채꽃 소극장,브로콜리 너마저,http://ticket.interpark.com/Ticket/Goods/GoodsInfo.asp?GroupCode=17011542,http://ticketimage.interpark.com/Play/image/large/17/17011542_p.gif
217,InterPark Ticket,사비나앤드론즈/김사월X김해원,2017.10.14,꿈의숲 아트센터 콘서트홀,Null,http://ticket.interpark.com/Ticket/Goods/GoodsInfo.asp?GroupCode=17012299,http://ticketimage.interpark.com/Play/image/large/17/17012299_p.gif
218,InterPark Ticket,성공 북 페스티벌,2017.10.21,코엑스 오디토리움,Null,http://ticket.interpark.com/Ticket/Goods/GoodsInfo.asp?GroupCode=17012391,http://ticketimage.interpark.com/Play/image/large/17/17012391_p.gif
219,InterPark Ticket,센세이션 M,2017.10.28 ~ 2017.10.29,롤링홀,Null,http://ticket.interpark.com/Ticket/Goods/GoodsInfo.asp?GroupCode=17009100,http://ticketimage.interpark.com/Play/image/large/17/17009100_p.gif
220,InterPark Ticket,쇼미더머니6 콘서트(Show Me The Money 6 Concert) - 광주,2017.10.22,김대중컨벤션센터 다목적홀,"다이나믹 듀오, 도끼, 넉살, 한해, 자메즈, 딘",http://ticket.interpark.com/Ticket/Goods/GoodsInfo.asp?GroupCode=17010695,http://ticketimage.interpark.com/Play/image/large/17/17010695_p.gif
221,InterPark Ticket,쇼미더머니6 콘서트(Show Me The Money 6 Concert) - 부산,2017.10.01,KBS부산홀,"타이거JK, 비지, 다이나믹 듀오, 도끼, 딘",http://ticket.interpark.com/Ticket/Goods/GoodsInfo.asp?GroupCode=17010704,http://ticketimage.interpark.com/Play/image/large/17/17010704_p.gif
222,InterPark Ticket,숙행쇼,2017.10.15,백암아트홀,Null,http://ticket.interpark.com/Ticket/Goods/GoodsInfo.asp?GroupCode=17012423,http://ticketimage.interpark.com/Play/image/large/17/17012423_p.gif
223,InterPark Ticket,신날새 해금 콘서트,2017.10.26,백암아트홀,Null,http://ticket.interpark.com/Ticket/Goods/GoodsInfo.asp?GroupCode=17011991,http://ticketimage.interpark.com/Play/image/large/17/17011991_p.gif
224,InterPark Ticket,신현희와 김루트 - 의정부,2017.10.20,의정부예술의전당 대극장,신현희와 김루트,http://ticket.interpark.com/Ticket/Goods/GoodsInfo.asp?GroupCode=17010228,http://ticketimage.interpark.com/Play/image/large/17/17010228_p.gif
225,InterPark Ticket,십센치 ＆ 자이언티 - 군포,2017.11.04,군포문화예술회관 수리홀,"10cm, 자이언티",http://ticket.interpark.com/Ticket/Goods/GoodsInfo.asp?GroupCode=17012932,http://ticketimage.interpark.com/Play/image/large/17/17012932_p.gif
226,InterPark Ticket,싱어송라이터 조동희의 라디오,2017.10.20,마리아칼라스홀,조동희,http://ticket.interpark.com/Ticket/Goods/GoodsInfo.asp?GroupCode=17012886,http://ticketimage.interpark.com/Play/image/large/17/17012886_p.gif
227,InterPark Ticket,아바걸스 내한공연〈맘마미아〉,2017.10.12,마포아트센터 아트홀 맥,아바걸스,http://ticket.interpark.com/Ticket/Goods/GoodsInfo.asp?GroupCode=17009212,http://ticketimage.interpark.com/Play/image/large/17/17009212_p.gif
228,InterPark Ticket,아일랜드 페스트 밤 - 제주,2017.10.20 ~ 2017.10.21,플레이스（playce） 캠프 제주,"바가지 바이펙스써틴, 인사이드코어, 피치에이드, Juncoco, 반달락, 맥시마이트",http://ticket.interpark.com/Ticket/Goods/GoodsInfo.asp?GroupCode=17013066,http://ticketimage.interpark.com/Play/image/large/17/17013066_p.gif
229,InterPark Ticket,아침음악나들이 4 김정민＆김형중 ［발라드 브라더스］- 고양,2017.11.30,고양 어울림누리 어울림극장,"김정민, 김형중",http://ticket.interpark.com/Ticket/Goods/GoodsInfo.asp?GroupCode=17004653,http://ticketimage.interpark.com/Play/image/large/17/17004653_p.gif
230,InterPark Ticket,아트스테이지소리 : 2017년 9월/10월/11월 공연 블라인드 패키지,2017.09.30,한국소리문화의전당 연지홀,Null,http://ticket.interpark.com/Ticket/Goods/GoodsInfo.asp?GroupCode=17009477,http://ticketimage.interpark.com/Play/image/large/17/17009477_p.gif
231,InterPark Ticket,아트스테이지소리 : 2017년 9월/10월/11월 공연 패키지,2017.09.30,한국소리문화의전당 연지홀,Null,http://ticket.interpark.com/Ticket/Goods/GoodsInfo.asp?GroupCode=17010170,http://ticketimage.interpark.com/Play/image/large/17/17010170_p.gif
232,InterPark Ticket,아트스테이지소리 : ep58 짙은,2017.09.30,한국소리문화의전당 연지홀,짙은,http://ticket.interpark.com/Ticket/Goods/GoodsInfo.asp?GroupCode=17010371,http://ticketimage.interpark.com/Play/image/large/17/17010371_p.gif
233,InterPark Ticket,아트스테이지소리 : ep59 잔나비,2017.10.28,한국소리문화의전당 연지홀,잔나비,http://ticket.interpark.com/Ticket/Goods/GoodsInfo.asp?GroupCode=17010372,http://ticketimage.interpark.com/Play/image/large/17/17010372_p.gif
234,InterPark Ticket,아트스테이지소리 : ep60 노리플라이,2017.11.25,한국소리문화의전당 연지홀,노리플라이,http://ticket.interpark.com/Ticket/Goods/GoodsInfo.asp?GroupCode=17010373,http://ticketimage.interpark.com/Play/image/large/17/17010373_p.gif
235,InterPark Ticket,안토니오 산체스 ＆ 마이그레이션,2017.11.25,LG아트센터,"타나 알렉사, 맷 브루어, 안토니오 산체스, 존 에스크릿, 시무스 블레이크",http://ticket.interpark.com/Ticket/Goods/GoodsInfo.asp?GroupCode=17000441,http://ticketimage.interpark.com/Play/image/large/17/17000441_p.gif
236,InterPark Ticket,안토니오 산체스의 ＂버드맨 드럼 세션＂,2017.11.25,LG아트센터,안토니오 산체스,http://ticket.interpark.com/Ticket/Goods/GoodsInfo.asp?GroupCode=17000442,http://ticketimage.interpark.com/Play/image/large/17/17000442_p.gif
237,InterPark Ticket,"앙상블 시나위 X 두번째 달〈국악,같거나 다르거나〉",2017.10.17,나루아트센터 대공연장,앙상블 시나위,http://ticket.interpark.com/Ticket/Goods/GoodsInfo.asp?GroupCode=17012319,http://ticketimage.interpark.com/Play/image/large/17/17012319_p.gif
238,InterPark Ticket,양방언 UTOPIA 2017,2017.11.25,블루스퀘어 삼성카드홀,양방언,http://ticket.interpark.com/Ticket/Goods/GoodsInfo.asp?GroupCode=17012749,http://ticketimage.interpark.com/Play/image/large/NoImage.gif
239,InterPark Ticket,양희은 콘서트 - 의정부,2017.12.09,의정부예술의전당 대극장,양희은,http://ticket.interpark.com/Ticket/Goods/GoodsInfo.asp?GroupCode=17013251,http://ticketimage.interpark.com/Play/image/large/17/17013251_p.gif
240,InterPark Ticket,양희은 콘서트 - 익산,2017.10.28,익산예술의전당 대공연장,양희은,http://ticket.interpark.com/Ticket/Goods/GoodsInfo.asp?GroupCode=17012061,http://ticketimage.interpark.com/Play/image/large/17/17012061_p.gif
241,InterPark Ticket,에드 시런(Ed Sheeran) 내한공연,2017.10.29,올림픽공원 88잔디마당,에드 시런,http://ticket.interpark.com/Ticket/Goods/GoodsInfo.asp?GroupCode=17007908,http://ticketimage.interpark.com/Play/image/large/17/17007908_p.gif
242,InterPark Ticket,에스펜 에릭센 트리오 2017 내한공연,2017.10.26,Club K Seoul,Null,http://ticket.interpark.com/Ticket/Goods/GoodsInfo.asp?GroupCode=17012674,http://ticketimage.interpark.com/Play/image/large/17/17012674_p.gif
243,InterPark Ticket,올댓인디Ⅱ 〈스탠딩에그 콘서트〉,2017.10.21,모두누림센터 누림아트홀(화성시청 내),스탠딩에그,http://ticket.interpark.com/Ticket/Goods/GoodsInfo.asp?GroupCode=17011800,http://ticketimage.interpark.com/Play/image/large/17/17011800_p.gif
244,InterPark Ticket,웅산의 fun fun fun jazz - 이천,2017.11.25,이천아트홀 대공연장,웅산,http://ticket.interpark.com/Ticket/Goods/GoodsInfo.asp?GroupCode=17012425,http://ticketimage.interpark.com/Play/image/large/17/17012425_p.gif
245,InterPark Ticket,원미연의 음악여행,2017.10.21,마리아칼라스홀,원미연,http://ticket.interpark.com/Ticket/Goods/GoodsInfo.asp?GroupCode=17012902,http://ticketimage.interpark.com/Play/image/large/17/17012902_p.gif
246,InterPark Ticket,월드컬처콜라주,2017.09.30 ~ 2017.10.01,플랫폼창동61 레드박스,Null,http://ticket.interpark.com/Ticket/Goods/GoodsInfo.asp?GroupCode=17012741,http://ticketimage.interpark.com/Play/image/large/17/17012741_p.gif
247,InterPark Ticket,유앤아이-심규선＆멜로망스＆오왠＆새벽공방-부산,2017.10.13,롯데호텔부산 크리스탈볼룸,"루시아(심규선), 멜로망스, 오왠, 새벽공방",http://ticket.interpark.com/Ticket/Goods/GoodsInfo.asp?GroupCode=17011472,http://ticketimage.interpark.com/Play/image/large/17/17011472_p.gif
248,InterPark Ticket,유태평양X장서윤〈아는 노래뎐〉,2017.10.06,꿈의숲 아트센터 퍼포먼스홀,"유태평양, 장서윤",http://ticket.interpark.com/Ticket/Goods/GoodsInfo.asp?GroupCode=17011467,http://ticketimage.interpark.com/Play/image/large/17/17011467_p.gif
249,InterPark Ticket,이나래 첫 미니앨범 발매기념 쇼케이스,2017.10.14,MHN 미디어센터,Null,http://ticket.interpark.com/Ticket/Goods/GoodsInfo.asp?GroupCode=17013155,http://ticketimage.interpark.com/Play/image/large/17/17013155_p.gif
250,InterPark Ticket,이승환 〈공연의끝：High End〉 - 고양,2017.11.18,고양아람누리 아람극장,이승환,http://ticket.interpark.com/Ticket/Goods/GoodsInfo.asp?GroupCode=17011174,http://ticketimage.interpark.com/Play/image/large/17/17011174_p.gif
251,InterPark Ticket,이승환 〈공연의끝：High End〉 - 천안,2017.11.25,천안예술의전당 대공연장,이승환,http://ticket.interpark.com/Ticket/Goods/GoodsInfo.asp?GroupCode=17011564,http://ticketimage.interpark.com/Play/image/large/17/17011564_p.gif
252,InterPark Ticket,이은결〈THE ILLUSION〉- 광주,2017.12.08 ~ 2017.12.10,광주문화예술회관 대극장,이은결,http://ticket.interpark.com/Ticket/Goods/GoodsInfo.asp?GroupCode=17011864,http://ticketimage.interpark.com/Play/image/large/17/17011864_p.gif
253,InterPark Ticket,이은결〈THE ILLUSION〉- 대구,2017.12.15 ~ 2017.12.17,천마아트센터 그랜드홀,이은결,http://ticket.interpark.com/Ticket/Goods/GoodsInfo.asp?GroupCode=17011793,http://ticketimage.interpark.com/Play/image/large/17/17011793_p.gif
254,InterPark Ticket,이은결〈THE ILLUSION〉- 인천,2017.12.23 ~ 2017.12.25,인천문화예술회관 대공연장,이은결,http://ticket.interpark.com/Ticket/Goods/GoodsInfo.asp?GroupCode=17011950,http://ticketimage.interpark.com/Play/image/large/17/17011950_p.gif
255,InterPark Ticket,이은결〈THE ILLUSION〉- 전주,2017.12.01 ~ 2017.12.03,전북대학교 삼성문화회관,이은결,http://ticket.interpark.com/Ticket/Goods/GoodsInfo.asp?GroupCode=17013033,http://ticketimage.interpark.com/Play/image/large/17/17013033_p.gif
256,InterPark Ticket,이은미 2017-2018 전국투어：알바트로스 - 부산,2017.11.11,KBS부산홀,이은미,http://ticket.interpark.com/Ticket/Goods/GoodsInfo.asp?GroupCode=17011780,http://ticketimage.interpark.com/Play/image/large/17/17011780_p.gif
257,InterPark Ticket,이혁밴드 컴백투 홍대 3,2017.09.30,라디오가가 라이브홀,H.Y.U.K.,http://ticket.interpark.com/Ticket/Goods/GoodsInfo.asp?GroupCode=17012086,http://ticketimage.interpark.com/Play/image/large/17/17012086_p.gif
258,InterPark Ticket,인생은 아름다워,2017.10.13,플랫폼창동61,Null,http://ticket.interpark.com/Ticket/Goods/GoodsInfo.asp?GroupCode=17012682,http://ticketimage.interpark.com/Play/image/large/17/17012682_p.gif
259,InterPark Ticket,임피리얼팰리스서울호텔 힙합콘서트,2017.10.20,"임피리얼 팰리스 서울 호텔 7층, Dubhe홀","도끼, 더콰이엇, 김효은, 창모, 해쉬스완",http://ticket.interpark.com/Ticket/Goods/GoodsInfo.asp?GroupCode=17012892,http://ticketimage.interpark.com/Play/image/large/17/17012892_p.gif
260,InterPark Ticket,장기하 Curated 03 Spin The Faces : 슬롯머신 X 장기하와 얼굴들,2017.10.21,"현대카드 UNDERSTAGE, 언더스테이지",장기하와 얼굴들,http://ticket.interpark.com/Ticket/Goods/GoodsInfo.asp?GroupCode=17012581,http://ticketimage.interpark.com/Play/image/large/17/17012581_p.gif
261,InterPark Ticket,장사익 소리판［꽃인듯 눈물인 듯］- 안양,2017.12.02,안양아트센터 관악홀,장사익,http://ticket.interpark.com/Ticket/Goods/GoodsInfo.asp?GroupCode=17012087,http://ticketimage.interpark.com/Play/image/large/NoImage.gif
262,InterPark Ticket,장사익 소리판〈꽃인 듯 눈물인 듯〉- 진주,2017.12.10,경남문화예술회관 대공연장,장사익,http://ticket.interpark.com/Ticket/Goods/GoodsInfo.asp?GroupCode=17013211,http://ticketimage.interpark.com/Play/image/large/17/17013211_p.gif
263,InterPark Ticket,재즈 와인에 빠지다 104th_신촌블루스 - 부산,2017.09.29,해운대문화회관 해운홀,Null,http://ticket.interpark.com/Ticket/Goods/GoodsInfo.asp?GroupCode=17011971,http://ticketimage.interpark.com/Play/image/large/17/17011971_p.gif
264,InterPark Ticket,전기뱀장어 연말콘：행운을 빌어〈루돌프의 하루〉 대구,2017.12.16,대구 클럽 헤비,전기뱀장어,http://ticket.interpark.com/Ticket/Goods/GoodsInfo.asp?GroupCode=17013037,http://ticketimage.interpark.com/Play/image/large/17/17013037_p.gif
265,InterPark Ticket,전기뱀장어 연말콘：행운을 빌어〈루돌프의 하루〉 서울,2017.12.24 ~ 2017.12.25,롤링홀,전기뱀장어,http://ticket.interpark.com/Ticket/Goods/GoodsInfo.asp?GroupCode=17013036,http://ticketimage.interpark.com/Play/image/large/17/17013036_p.gif
266,InterPark Ticket,제1회 사랑나눔 콘서트 - 이천,2017.11.17,이천아트홀 대공연장,"홍지민, 루이스초이",http://ticket.interpark.com/Ticket/Goods/GoodsInfo.asp?GroupCode=17013168,http://ticketimage.interpark.com/Play/image/large/17/17013168_p.gif
267,InterPark Ticket,제4회 M.I.SEA 힙합콘서트 - 제주,2017.10.09,제주컨벤션센터,"도끼, 더콰이엇, 딥플로우, 넉살, 창모",http://ticket.interpark.com/Ticket/Goods/GoodsInfo.asp?GroupCode=17011420,http://ticketimage.interpark.com/Play/image/large/17/17011420_p.gif
268,InterPark Ticket,제이콥 컬리어 최초 내한공연,2017.09.27,한전아트센터,Null,http://ticket.interpark.com/Ticket/Goods/GoodsInfo.asp?GroupCode=17009824,http://ticketimage.interpark.com/Play/image/large/17/17009824_p.gif
269,InterPark Ticket,조관우＆조통달의 ‘그때 그리고 지금’ - 의정부,2017.10.13,의정부예술의전당 대극장,"조관우, 조통달",http://ticket.interpark.com/Ticket/Goods/GoodsInfo.asp?GroupCode=17010229,http://ticketimage.interpark.com/Play/image/large/17/17010229_p.gif
270,InterPark Ticket,조성모＆박미경 THE 감동콘서트 - 양주,2017.11.11,양주문화예술회관 대공연장 1층,"조성모, 박미경",http://ticket.interpark.com/Ticket/Goods/GoodsInfo.asp?GroupCode=17012566,http://ticketimage.interpark.com/Play/image/large/17/17012566_p.gif
271,InterPark Ticket,조희창＆황덕호의 크로스 오버 렉쳐콘서트 Heart to Heart,2017.10.25,노원문화예술회관 소공연장,Null,http://ticket.interpark.com/Ticket/Goods/GoodsInfo.asp?GroupCode=17011851,http://ticketimage.interpark.com/Play/image/large/17/17011851_p.gif
272,InterPark Ticket,최백호 정미조 가을콘서트 - 진주,2017.10.20,경상남도문화예술회관 대공연장,"최백호, 정미조",http://ticket.interpark.com/Ticket/Goods/GoodsInfo.asp?GroupCode=17010405,http://ticketimage.interpark.com/Play/image/large/17/17010405_p.gif
273,InterPark Ticket,컬투쇼:전국 방방곡곡 두드림 콘서트-수원,2017.09.30,수원SK아트리움 대공연장,컬투,http://ticket.interpark.com/Ticket/Goods/GoodsInfo.asp?GroupCode=17009315,http://ticketimage.interpark.com/Play/image/large/17/17009315_p.gif
274,InterPark Ticket,콘서트 서정시대,2017.10.14,구로아트밸리 예술극장,Null,http://ticket.interpark.com/Ticket/Goods/GoodsInfo.asp?GroupCode=17012271,http://ticketimage.interpark.com/Play/image/large/17/17012271_p.gif
275,InterPark Ticket,콘서트누리시즌2 〈데이브레이크〉 - 김해,2017.11.11,김해문화의전당 누리홀,데이브레이크,http://ticket.interpark.com/Ticket/Goods/GoodsInfo.asp?GroupCode=17011715,http://ticketimage.interpark.com/Play/image/large/17/17011715_p.gif
276,InterPark Ticket,콘서트누리시즌2 〈수란〉- 김해,2017.10.14,김해문화의전당 누리홀,수란,http://ticket.interpark.com/Ticket/Goods/GoodsInfo.asp?GroupCode=17011589,http://ticketimage.interpark.com/Play/image/large/17/17011589_p.gif
277,InterPark Ticket,콘서트누리시즌2 〈스탠딩에그〉 - 김해,2017.09.30,김해문화의전당 누리홀,스탠딩에그,http://ticket.interpark.com/Ticket/Goods/GoodsInfo.asp?GroupCode=17011674,http://ticketimage.interpark.com/Play/image/large/17/17011674_p.gif
278,InterPark Ticket,콜렉티프노프 내한공연 - 익산,2017.10.21,익산예술의전당 대공연장,Null,http://ticket.interpark.com/Ticket/Goods/GoodsInfo.asp?GroupCode=17011809,http://ticketimage.interpark.com/Play/image/large/17/17011809_p.gif
279,InterPark Ticket,키노코호텔（KINOCO HOTEL）첫 내한공연,2017.10.28,웨스트브릿지 라이브홀,Null,http://ticket.interpark.com/Ticket/Goods/GoodsInfo.asp?GroupCode=17011044,http://ticketimage.interpark.com/Play/image/large/17/17011044_p.gif
280,InterPark Ticket,토크쇼 알쓸건법,2017.09.26,"두레홀4관(구,아룽구지극장)",Null,http://ticket.interpark.com/Ticket/Goods/GoodsInfo.asp?GroupCode=17012033,http://ticketimage.interpark.com/Play/image/large/17/17012033_p.gif
281,InterPark Ticket,"트로트 빅3 콘서트〈설운도, 김수희, 최진희〉- 구리",2017.10.20,구리아트홀 코스모스 대극장,"설운도, 김수희, 최진희",http://ticket.interpark.com/Ticket/Goods/GoodsInfo.asp?GroupCode=17010948,http://ticketimage.interpark.com/Play/image/large/17/17010948_p.gif
282,InterPark Ticket,트로트청춘열차〈남진＆현숙〉 - 하남,2017.10.20,하남문화예술회관 대극장(검단홀),"남진, 현숙",http://ticket.interpark.com/Ticket/Goods/GoodsInfo.asp?GroupCode=17011701,http://ticketimage.interpark.com/Play/image/large/17/17011701_p.gif
283,InterPark Ticket,팝피아니스트 윤한 콘서트 - 의정부,2017.12.23,의정부예술의전당 대극장,Null,http://ticket.interpark.com/Ticket/Goods/GoodsInfo.asp?GroupCode=17013269,http://ticketimage.interpark.com/Play/image/large/NoImage.gif
284,InterPark Ticket,프로젝트 스몰몬스터 : 벼리국악단,2017.10.21,한국소리문화의전당 명인홀,Null,http://ticket.interpark.com/Ticket/Goods/GoodsInfo.asp?GroupCode=17012909,http://ticketimage.interpark.com/Play/image/large/17/17012909_p.gif
285,InterPark Ticket,플랫폼창동61 창동악가무 Jazz at Platform,2017.10.19 ~ 2017.10.22,플랫폼창동61,Null,http://ticket.interpark.com/Ticket/Goods/GoodsInfo.asp?GroupCode=17013252,http://ticketimage.interpark.com/Play/image/large/17/17013252_p.gif
286,InterPark Ticket,플랫폼창동61 FNL FANTASIA：ELECTRONIC,2017.09.29,플랫폼창동61,Null,http://ticket.interpark.com/Ticket/Goods/GoodsInfo.asp?GroupCode=17012064,http://ticketimage.interpark.com/Play/image/large/17/17012064_p.gif
287,InterPark Ticket,피아니스트 조재혁의 음악이야기 with 경주시립합창단 - 경주,2017.10.19,경주예술의전당 대공연장(화랑홀),Null,http://ticket.interpark.com/Ticket/Goods/GoodsInfo.asp?GroupCode=17012908,http://ticketimage.interpark.com/Play/image/large/17/17012908_p.gif
288,InterPark Ticket,하림과 집시앤피쉬오케스트라의 ‘집시의 테이블’,2017.09.27 ~ 2017.09.30,충무아트센터 소극장 블루,하림 & 집시의테이블,http://ticket.interpark.com/Ticket/Goods/GoodsInfo.asp?GroupCode=17010018,http://ticketimage.interpark.com/Play/image/large/17/17010018_p.gif
289,InterPark Ticket,한국지역난방공사와 함께하는 브런치 콘서트 with 김종진 - 겨울,2017.12.07,경기도문화의전당 소극장,"김종진, 말로, 박주원",http://ticket.interpark.com/Ticket/Goods/GoodsInfo.asp?GroupCode=17001966,http://ticketimage.interpark.com/Play/image/large/17/17001966_p.gif
290,InterPark Ticket,한국지역난방공사와 함께하는 화양연화 시즌 2 : 가을의 오해 - 수원,2017.09.28,경기도문화의전당 소극장,Null,http://ticket.interpark.com/Ticket/Goods/GoodsInfo.asp?GroupCode=17009757,http://ticketimage.interpark.com/Play/image/large/17/17009757_p.gif
291,InterPark Ticket,한영애 콘서트 〈바람〉- 수원,2017.11.03 ~ 2017.11.04,경기도문화의전당 소극장,한영애,http://ticket.interpark.com/Ticket/Goods/GoodsInfo.asp?GroupCode=17011692,http://ticketimage.interpark.com/Play/image/large/17/17011692_p.gif
292,InterPark Ticket,행복한 학교,2017.09.13 ~ 2017.10.25,플랫폼창동61,Null,http://ticket.interpark.com/Ticket/Goods/GoodsInfo.asp?GroupCode=17010966,http://ticketimage.interpark.com/Play/image/large/17/17010966_p.gif
293,InterPark Ticket,히식스(He6) 콘서트,2017.09.28,복합문화공간 에무,Null,http://ticket.interpark.com/Ticket/Goods/GoodsInfo.asp?GroupCode=17012929,http://ticketimage.interpark.com/Play/image/large/17/17012929_p.gif
294,InterPark Ticket,ADD J.의 1000Hertz CCM Concert 시즌2［14th］,2017.10.13,디앤지홀,"어거스트 콰이어, 디바소울",http://ticket.interpark.com/Ticket/Goods/GoodsInfo.asp?GroupCode=17012145,http://ticketimage.interpark.com/Play/image/large/17/17012145_p.gif
295,InterPark Ticket,Blaresound Concert - 광주,2018.01.04,광주아트홀,블레어,http://ticket.interpark.com/Ticket/Goods/GoodsInfo.asp?GroupCode=17005513,http://ticketimage.interpark.com/Play/image/large/17/17005513_p.gif
296,InterPark Ticket,BURNING WAVE,2017.10.28,A.O.N HALL,Null,http://ticket.interpark.com/Ticket/Goods/GoodsInfo.asp?GroupCode=17013253,http://ticketimage.interpark.com/Play/image/large/17/17013253_p.gif
297,InterPark Ticket,C-indie play : 모던다락방,2017.10.27,KT＆G 상상마당 춘천 사운드홀,Null,http://ticket.interpark.com/Ticket/Goods/GoodsInfo.asp?GroupCode=17012736,http://ticketimage.interpark.com/Play/image/large/17/17012736_p.gif
298,InterPark Ticket,C-indie play : 훈남스,2017.09.29,KT＆G 상상마당 춘천 사운드홀,Null,http://ticket.interpark.com/Ticket/Goods/GoodsInfo.asp?GroupCode=17011021,http://ticketimage.interpark.com/Play/image/large/17/17011021_p.gif
299,InterPark Ticket,CONNECT FES 2017 “XYZ TOUR in SEOUL”,2017.10.01,MUV HALL,Null,http://ticket.interpark.com/Ticket/Goods/GoodsInfo.asp?GroupCode=17011157,http://ticketimage.interpark.com/Play/image/large/17/17011157_p.gif
300,InterPark Ticket,GREAT 토크 with 낭만서점 : 10월 김탁환X짙은,2017.10.28,성수아트홀,"짙은, 박경환",http://ticket.interpark.com/Ticket/Goods/GoodsInfo.asp?GroupCode=17011796,http://ticketimage.interpark.com/Play/image/large/17/17011796_p.gif
301,InterPark Ticket,Hilty＆Bosch 20th Anniversary ASIA Live Tour -Will-,2017.11.11,롤링홀,Null,http://ticket.interpark.com/Ticket/Goods/GoodsInfo.asp?GroupCode=17012496,http://ticketimage.interpark.com/Play/image/large/17/17012496_p.gif
302,InterPark Ticket,I Love A Piano - 수원,2017.10.25,경기도문화의전당 소극장,"이소정, 조윤성",http://ticket.interpark.com/Ticket/Goods/GoodsInfo.asp?GroupCode=17011139,http://ticketimage.interpark.com/Play/image/large/17/17011139_p.gif
303,InterPark Ticket,If you 콘서트,2017.08.03 ~ 2017.11.30,슬로우시티,Null,http://ticket.interpark.com/Ticket/Goods/GoodsInfo.asp?GroupCode=17009981,http://ticketimage.interpark.com/Play/image/large/17/17009981_p.gif
304,InterPark Ticket,Kenichiro Nishihara ＆ mabanua Fuseland Asia Tour 2017 in Korea,2017.12.02,하나투어 브이홀,Null,http://ticket.interpark.com/Ticket/Goods/GoodsInfo.asp?GroupCode=17013210,http://ticketimage.interpark.com/Play/image/large/17/17013210_p.gif
305,InterPark Ticket,NY물고기 소극장 콘서트,2017.10.13,마리아칼라스홀,Null,http://ticket.interpark.com/Ticket/Goods/GoodsInfo.asp?GroupCode=17012132,http://ticketimage.interpark.com/Play/image/large/17/17012132_p.gif
306,InterPark Ticket,O.O.O ［GARDEN］ 발매기념 단독 콘서트,2017.10.28,KT＆G 상상마당,오오오,http://ticket.interpark.com/Ticket/Goods/GoodsInfo.asp?GroupCode=17011795,http://ticketimage.interpark.com/Play/image/large/17/17011795_p.gif
307,InterPark Ticket,Pride of Korea - 11월 4일,2017.11.04,예스24 라이브홀,Null,http://ticket.interpark.com/Ticket/Goods/GoodsInfo.asp?GroupCode=17013232,http://ticketimage.interpark.com/Play/image/large/NoImage.gif
308,InterPark Ticket,Pride of Korea - 11월 5일,2017.11.05,롯데콘서트홀,Null,http://ticket.interpark.com/Ticket/Goods/GoodsInfo.asp?GroupCode=17013219,http://ticketimage.interpark.com/Play/image/large/NoImage.gif
309,InterPark Ticket,Pride of Korea - 11월3일,2017.11.03,예스24 라이브홀,Null,http://ticket.interpark.com/Ticket/Goods/GoodsInfo.asp?GroupCode=17012756,http://ticketimage.interpark.com/Play/image/large/NoImage.gif
310,InterPark Ticket,Pride of Korea 패키지,2017.11.03 ~ 2017.11.05,해당공연 공연장－서울,Null,http://ticket.interpark.com/Ticket/Goods/GoodsInfo.asp?GroupCode=17013248,http://ticketimage.interpark.com/Play/image/large/NoImage.gif
311,InterPark Ticket,Rock ＆ 樂 Concert Vol.21 가을방학,2017.10.28,군포문화예술회관 철쭉홀,가을방학,http://ticket.interpark.com/Ticket/Goods/GoodsInfo.asp?GroupCode=17011673,http://ticketimage.interpark.com/Play/image/large/17/17011673_p.gif
312,InterPark Ticket,Rock ＆ 樂 Concert Vol.22 짙은,2017.12.23,군포문화예술회관 철쭉홀,짙은,http://ticket.interpark.com/Ticket/Goods/GoodsInfo.asp?GroupCode=17011672,http://ticketimage.interpark.com/Play/image/large/17/17011672_p.gif
313,InterPark Ticket,ROCK STAR 2017 Autumn,2017.10.13,하나투어 브이홀,"피아, YB, 내귀에 도청장치, 국카스텐",http://ticket.interpark.com/Ticket/Goods/GoodsInfo.asp?GroupCode=17011585,http://ticketimage.interpark.com/Play/image/large/17/17011585_p.gif
314,InterPark Ticket,TWICE FANMEETING ONCE BEGINS,2017.10.14 ~ 2017.10.15,경희대학교 평화의전당,트와이스,http://ticket.interpark.com/Ticket/Goods/GoodsInfo.asp?GroupCode=17012897,http://ticketimage.interpark.com/Play/image/large/17/17012897_p.gif
315,InterPark Ticket,VIXX 공식 팬클럽 ‘ST★RLIGHT’ 4기 별넷 팬미팅,2017.10.21,잠실실내체육관,Null,http://ticket.interpark.com/Ticket/Goods/GoodsInfo.asp?GroupCode=17012418,http://ticketimage.interpark.com/Play/image/large/17/17012418_p.gif
316,InterPark Ticket,YB 콘서트 - 김포,2017.10.24,김포아트홀,YB,http://ticket.interpark.com/Ticket/Goods/GoodsInfo.asp?GroupCode=17011657,http://ticketimage.interpark.com/Play/image/large/17/17011657_p.gif
317,Melon Ticket,JBJ 정말 데뷔하기 좋은날！,2017.10.18 - 2017.10.18,고려대학교 화정체육관 ,JBJ,http://ticket.melon.com/performance/index.htm?prodId=200952,http://cdnticket.melon.co.kr/resource/image/upload/product/2017/09/2017091910170800a877ae-426c-4368-b48d-3f33ec7956f0.jpg/melon/resize/180x254/strip/true/quality/90/optimize
318,Melon Ticket,2017 KIM JAE JOONG ASIA TOUR FANMEETING in SEOUL,2017.10.29 - 2017.10.29,경희대학교 평화의전당 ,김재중,http://ticket.melon.com/performance/index.htm?prodId=200953,http://cdnticket.melon.co.kr/resource/image/upload/product/2017/09/20170925164014262adb44-fee5-4798-b914-170c3a913112.jpg/melon/resize/180x254/strip/true/quality/90/optimize
319,Melon Ticket,팬덤스쿨2017코리아뮤직페스티벌 9월30일 그라운드（스탠딩）,2017.09.30 - 2017.09.30,고척스카이돔 ,Wanna One (워너원),http://ticket.melon.com/performance/index.htm?prodId=200913,http://cdnticket.melon.co.kr/resource/image/upload/product/2017/09/20170904144506f8012674-2bbd-489d-8edf-2f3ce19f0e75.jpg/melon/resize/180x254/strip/true/quality/90/optimize
320,Melon Ticket,독도수호 힙합 페스티벌 5,2017.10.08 - 2017.10.08,영남대학교 ,헤이즈 (Heize),http://ticket.melon.com/performance/index.htm?prodId=200864,http://cdnticket.melon.co.kr/resource/image/upload/product/2017/09/201709251149252726a6e2-fe72-42ca-a850-d0d246c5caf6.jpg/melon/resize/180x254/strip/true/quality/90/optimize
321,Melon Ticket,2017 박지윤 콘서트 〈오케스트라 20〉,2017.12.01 - 2017.12.02,올림픽공원 K－아트홀,박지윤,http://ticket.melon.com/performance/index.htm?prodId=200941,http://cdnticket.melon.co.kr/resource/image/upload/product/2017/09/201709151115125ee5c067-a00f-454f-bae8-7d1d46c7200e.jpg/melon/resize/180x254/strip/true/quality/90/optimize
322,Melon Ticket,사무엘 공식 팬클럽 ‘가넷（Garnet）’ 1기 모집,2017.10.11 - 2017.10.11,Null,사무엘,http://ticket.melon.com/performance/index.htm?prodId=200956,http://cdnticket.melon.co.kr/resource/image/upload/product/2017/09/201709181209002a08f089-71bc-4f40-8012-de64f68b6a3f.jpg/melon/resize/180x254/strip/true/quality/90/optimize
323,Melon Ticket,서태지 25주년 기념공연 TIME：TRAVELER ENCORE,2017.09.29 - 2017.09.30,올림픽공원 올림픽홀,서태지,http://ticket.melon.com/performance/index.htm?prodId=200919,http://cdnticket.melon.co.kr/resource/image/upload/product/2017/09/201709071506107569e4b6-4b50-4f78-9b91-307803a9c1f9.jpg/melon/resize/180x254/strip/true/quality/90/optimize
324,Melon Ticket,김태원 Curated 03 South Club（남태현）：the 1st concert,2017.11.18 - 2017.11.19,현대카드 UNDERSTAGE ,남태현 (South Club),http://ticket.melon.com/performance/index.htm?prodId=200939,http://cdnticket.melon.co.kr/resource/image/upload/product/2017/09/201709121653542b88e8d6-85b1-4b7e-803d-77bd78728e52.jpg/melon/resize/180x254/strip/true/quality/90/optimize
325,Melon Ticket,마블익스피리언스 부산,2017.10.12 - 2018.01.31,마블 익스피리언스 부산 ,Null,http://ticket.melon.com/performance/index.htm?prodId=200867,http://cdnticket.melon.co.kr/resource/image/upload/product/2017/08/20170821184153052847a4-e93d-4e17-a489-12f4a3e35102.jpg/melon/resize/180x254/strip/true/quality/90/optimize
326,Melon Ticket,SLOW LIFE SLOW LIVE 2017（카카오페이 결제）,2017.10.07 - 2017.10.07,잠실종합운동장 올림픽주경기장,Hans Zimmer,http://ticket.melon.com/performance/index.htm?prodId=200860,http://cdnticket.melon.co.kr/resource/image/upload/product/2017/08/201708311200200ae5c223-38d5-4786-a680-92e6f4052781.jpg/melon/resize/180x254/strip/true/quality/90/optimize
327,Melon Ticket,SLOW LIFE SLOW LIVE 2017,2017.10.07 - 2017.10.07,잠실종합운동장 올림픽주경기장,Hans Zimmer,http://ticket.melon.com/performance/index.htm?prodId=200834,http://cdnticket.melon.co.kr/resource/image/upload/product/2017/08/2017083112010175fb69ff-df58-4820-8d18-ad60153747e8.jpg/melon/resize/180x254/strip/true/quality/90/optimize
328,Melon Ticket,2017 정동하 콘서트［THE ARTIST：소리］－전주 ,2017.11.11 - 2017.11.11,전북대학교 삼성문화회관 대공연장,정동하,http://ticket.melon.com/performance/index.htm?prodId=200958,http://cdnticket.melon.co.kr/resource/image/upload/product/2017/09/201709181056596114be86-495a-4a7d-bb68-329c817aad9e.jpg/melon/resize/180x254/strip/true/quality/90/optimize
329,Melon Ticket,2017 THE CRY ground,2017.10.14 - 2017.10.15,난지 한강공원 일대 ,싸이 (PSY),http://ticket.melon.com/performance/index.htm?prodId=200907,http://cdnticket.melon.co.kr/resource/image/upload/product/2017/08/20170831170741df488f87-9c09-49e6-88ec-00cc9a08854d.jpg/melon/resize/180x254/strip/true/quality/90/optimize
330,Melon Ticket,듀에토 콘서트 〈듀에토이즘（DUETTO－ISM）〉,2017.10.14 - 2017.10.15,유니버설아트센터 ,"듀에토 (백인태, 유슬기)",http://ticket.melon.com/performance/index.htm?prodId=200929,http://cdnticket.melon.co.kr/resource/image/upload/product/2017/09/201709131416583c3afa3f-1f9f-43ec-b6c4-3cf538a57762.jpg/melon/resize/180x254/strip/true/quality/90/optimize
331,Melon Ticket,컴퍼니，우리랑 놀자！,2017.10.13 - 2017.10.13,롤링홀 ,COMFUNNY,http://ticket.melon.com/performance/index.htm?prodId=200960,http://cdnticket.melon.co.kr/resource/image/upload/product/2017/09/2017091811203585993431-2273-401e-9ffb-591b453398c1.jpg/melon/resize/180x254/strip/true/quality/90/optimize
332,Melon Ticket,스무살 앵콜 콘서트［걔 말고］,2017.10.14 - 2017.10.15,홍대 왓에버 ,스무살,http://ticket.melon.com/performance/index.htm?prodId=200957,http://cdnticket.melon.co.kr/resource/image/upload/product/2017/09/2017091915144769042cb3-a1db-4c3c-ad24-2ceeb46b4e1a.jpg/melon/resize/180x254/strip/true/quality/90/optimize
333,Melon Ticket,YOLO 온나,2017.09.30 - 2017.09.30,CJ아지트 광흥창 ,아시안 체어샷,http://ticket.melon.com/performance/index.htm?prodId=200955,http://cdnticket.melon.co.kr/resource/image/upload/product/2017/09/2017091515411195694f49-09e0-49e7-bd4c-16c053f57ec3.jpg/melon/resize/180x254/strip/true/quality/90/optimize
334,Melon Ticket,［10／9］SNOWDROP PROJECT season．1 〈롤링홀X파이어마커스〉,2017.10.09 - 2017.10.09,롤링홀 ,허니스트 (HONEYST),http://ticket.melon.com/performance/index.htm?prodId=200970,http://cdnticket.melon.co.kr/resource/image/upload/product/2017/09/201709211754150ee0191c-4f8b-45c6-bc3a-1bd412b022de.jpg/melon/resize/180x254/strip/true/quality/90/optimize
335,Melon Ticket,임피리얼팰리스서울호텔 힙합콘서트,2017.10.20 - 2017.10.20,임피리얼 팰리스 호텔 7층 두베홀,Dok2,http://ticket.melon.com/performance/index.htm?prodId=200961,http://cdnticket.melon.co.kr/resource/image/upload/product/2017/09/201709181843257a0ceeb2-80cf-4a32-b9db-f53fe7fdd915.jpg/melon/resize/180x254/strip/true/quality/90/optimize
336,Melon Ticket,비와이（BewhY）첫 단독콘서트 ‘The Blind Star’,2017.10.14 - 2017.10.14,예스24 라이브홀 (구 악스코리아) ,BewhY (비와이),http://ticket.melon.com/performance/index.htm?prodId=200915,http://cdnticket.melon.co.kr/resource/image/upload/product/2017/09/20170906110558e44a4983-147f-4f25-8649-d4d7432d8870.jpg/melon/resize/180x254/strip/true/quality/90/optimize
337,Melon Ticket,쇼미더머니6 콘서트（Show Me The Money 6 Concert）－대구,2017.10.28 - 2017.10.28,대구 엑스코(EXCO) 전시1홀,Dok2,http://ticket.melon.com/performance/index.htm?prodId=200962,http://cdnticket.melon.co.kr/resource/image/upload/product/2017/09/20170919120936c47fb4f5-67e7-41a7-b4b0-94da8654d6d8.jpg/melon/resize/180x254/strip/true/quality/90/optimize
338,Melon Ticket,제4회 M．I．SEA 힙합콘서트－제주,2017.10.09 - 2017.10.09,제주 국제컨벤션센터 야외특설무대,넉살,http://ticket.melon.com/performance/index.htm?prodId=200893,http://cdnticket.melon.co.kr/resource/image/upload/product/2017/09/20170905094101553ca7be-00f3-4fc6-a827-2bc57d439a66.jpg/melon/resize/180x254/strip/true/quality/90/optimize
339,Melon Ticket,2017 K－루키즈 콘서트 Vol．1,2017.10.14 - 2017.10.15,케이티엔지 상상마당 라이브홀 ,LAYBRICKS,http://ticket.melon.com/performance/index.htm?prodId=200922,http://cdnticket.melon.co.kr/resource/image/upload/product/2017/09/2017091414261283f9b1a1-a094-4569-a8f7-be33f62c45ee.jpg/melon/resize/180x254/strip/true/quality/90/optimize
340,Melon Ticket,힙합 페스티벌 in 대전（ONLY YOUNG FESTIVAL）,2017.10.13 - 2017.10.14,대전 무역전시관 야외 광장,Dok2,http://ticket.melon.com/performance/index.htm?prodId=200829,http://cdnticket.melon.co.kr/resource/image/upload/product/2017/08/201708171140066823f080-866c-4541-a389-4b59707f4ff5.jpg/melon/resize/180x254/strip/true/quality/90/optimize
341,Melon Ticket,［10／26］ SNOWDROP PROJECT season．1 〈롤링홀X파이어마커스〉,2017.10.26 - 2017.10.26,롤링홀 ,참깨와 솜사탕,http://ticket.melon.com/performance/index.htm?prodId=200973,http://cdnticket.melon.co.kr/resource/image/upload/product/2017/09/20170921175514168f2b98-6028-4abe-b1a7-1796cfaec8c0.jpg/melon/resize/180x254/strip/true/quality/90/optimize
342,Melon Ticket,지금，핫한홍대，여기 Vol．1 －부산,2017.11.11 - 2017.11.11,오즈홀 1관 ,신해경,http://ticket.melon.com/performance/index.htm?prodId=200930,http://cdnticket.melon.co.kr/resource/image/upload/product/2017/09/20170915175654635f085e-8836-4489-8ce0-00d9f02e9ad7.jpg/melon/resize/180x254/strip/true/quality/90/optimize
343,Melon Ticket,2017 K－루키즈 콘서트 Vol．2,2017.11.04 - 2017.11.05,"무브홀 (구,클럽 맨션) ",LAYBRICKS,http://ticket.melon.com/performance/index.htm?prodId=200923,http://cdnticket.melon.co.kr/resource/image/upload/product/2017/09/201709141426493876dca4-e1a5-407b-81d7-2966c86e77ed.jpg/melon/resize/180x254/strip/true/quality/90/optimize
344,Melon Ticket,2017 유승우 콘서트 〈달달한 밤〉,2017.10.28 - 2017.10.29,올림픽공원 올림픽홀 뮤즈라이브,유승우,http://ticket.melon.com/performance/index.htm?prodId=200908,http://cdnticket.melon.co.kr/resource/image/upload/product/2017/09/20170911152723833158ca-832c-4768-b96f-8884a8084095.jpg/melon/resize/180x254/strip/true/quality/90/optimize
345,Melon Ticket,팬덤스쿨2017코리아뮤직페스티벌 10월1일 스탠드（지정석）,2017.10.01 - 2017.10.01,고척스카이돔 ,EXO-CBX (첸백시),http://ticket.melon.com/performance/index.htm?prodId=200912,http://cdnticket.melon.co.kr/resource/image/upload/product/2017/09/201709041445392d02135d-a82e-49ec-9867-cac1ff2bc00c.jpg/melon/resize/180x254/strip/true/quality/90/optimize
346,Melon Ticket,타코앤제이형 〈빛나는 우리의 밤〉,2017.10.20 - 2017.10.20,롤링홀 ,타코앤제이형,http://ticket.melon.com/performance/index.htm?prodId=200959,http://cdnticket.melon.co.kr/resource/image/upload/product/2017/09/2017091517262096e382f6-e32e-4408-9eb0-21b9c67b3c4e.jpg/melon/resize/180x254/strip/true/quality/90/optimize
347,Melon Ticket,YESEO 1st Showcase 〈Silhouette〉,2017.10.13 - 2017.10.13,홍대 왓에버 ,"YESEO
헤드라이너",http://ticket.melon.com/performance/index.htm?prodId=200964,http://cdnticket.melon.co.kr/resource/image/upload/product/2017/09/201709201510344db22a1c-e96f-420c-bec8-9d7b6d963d34.jpg/melon/resize/180x254/strip/true/quality/90/optimize
348,Melon Ticket,2017 김경호 전국투어 콘서트［THE SHOW MUST GO ON］－김해 ,2017.11.04 - 2017.11.04,김해문화의전당 마루홀,김경호,http://ticket.melon.com/performance/index.htm?prodId=200916,http://cdnticket.melon.co.kr/resource/image/upload/product/2017/09/2017090516493471cc9875-b77c-405d-b0ca-d1f79f482c5a.jpg/melon/resize/180x254/strip/true/quality/90/optimize
349,Melon Ticket,2017 K－루키즈 파이널 콘서트,2017.12.09 - 2017.12.09,예스24 라이브홀 (구 악스코리아) ,LAYBRICKS,http://ticket.melon.com/performance/index.htm?prodId=200924,http://cdnticket.melon.co.kr/resource/image/upload/product/2017/09/201709141427320478ad70-8978-4736-adb0-0bc58653a04a.jpg/melon/resize/180x254/strip/true/quality/90/optimize
350,Melon Ticket,뮤지컬 〈서른즈음에〉,2017.10.20 - 2017.12.02,이화여자대학교 삼성홀,산들 (B1A4),http://ticket.melon.com/performance/index.htm?prodId=200891,http://cdnticket.melon.co.kr/resource/image/upload/product/2017/09/201709151400005a69d2b2-5fdf-4a85-a56e-f7f38a8288e8.jpg/melon/resize/180x254/strip/true/quality/90/optimize
351,Melon Ticket,2017 제이콥 컬리어 최초 내한공연 ,2017.09.27 - 2017.09.27,한전아트센터 ,Jacob Collier,http://ticket.melon.com/performance/index.htm?prodId=200768,http://cdnticket.melon.co.kr/resource/image/upload/product/2017/07/20170724155327e46f62df-344a-47e3-9807-1fb32d64c766.jpg/melon/resize/180x254/strip/true/quality/90/optimize
352,Melon Ticket,2017 김경호 전국투어 콘서트［THE SHOW MUST GO ON］－전주,2017.10.28 - 2017.10.28,전북대학교 삼성문화회관 대공연장,김경호,http://ticket.melon.com/performance/index.htm?prodId=200905,http://cdnticket.melon.co.kr/resource/image/upload/product/2017/08/201708311209039914771b-75ed-40c1-8caf-370205f31923.jpg/melon/resize/180x254/strip/true/quality/90/optimize
353,Melon Ticket,2017 변진섭 30주년 콘서트 〈TIMELESS〉 - 창원,2017.10.28 - 2017.10.29,KBS창원홀 ,변진섭,http://ticket.melon.com/performance/index.htm?prodId=200902,http://cdnticket.melon.co.kr/resource/image/upload/product/2017/08/2017083111510003405552-38b8-4585-a2f4-ca772ef143fa.jpg/melon/resize/180x254/strip/true/quality/90/optimize
354,Melon Ticket,사운드 바운드 In 개항장,2017.10.28 - 2017.10.29,인천 개항장-차이나타운 일대 ,조규찬,http://ticket.melon.com/performance/index.htm?prodId=200920,http://cdnticket.melon.co.kr/resource/image/upload/product/2017/09/201709081353121e8d0527-b784-4840-ae0c-8d825e7b2bd7.jpg/melon/resize/180x254/strip/true/quality/90/optimize
355,Melon Ticket,보이즈 인 더 키친 1집 발매 기념 단독 콘서트 ‘Out of the Kitchen’－서울 ,2017.10.14 - 2017.10.14,롤링홀 ,Boys In The Kitchen,http://ticket.melon.com/performance/index.htm?prodId=200933,http://cdnticket.melon.co.kr/resource/image/upload/product/2017/09/2017091113560450af8771-87d8-4c69-aa20-82bcdcc36233.jpg/melon/resize/180x254/strip/true/quality/90/optimize
356,Melon Ticket,［하비누아주X옥상티비］감정의 기록들,2017.09.30 - 2017.09.30,마이크임팩트 스퀘어 옥상정원 M-Garden ,하비누아주,http://ticket.melon.com/performance/index.htm?prodId=200938,http://cdnticket.melon.co.kr/resource/image/upload/product/2017/09/201709121114138790c174-9a7d-4a54-8a6c-024b5ad2f6aa.jpg/melon/resize/180x254/strip/true/quality/90/optimize
357,Melon Ticket,마블익스피리언스 부산－VIP권,2018.01.31 - 2018.01.31,마블 익스피리언스 부산 ,Null,http://ticket.melon.com/performance/index.htm?prodId=200880,http://cdnticket.melon.co.kr/resource/image/upload/product/2017/08/201708211211592890bc9a-8d82-4404-86aa-1c02aca11494.jpg/melon/resize/180x254/strip/true/quality/90/optimize
358,Melon Ticket,2017상상실현페스티벌,2017.10.14 - 2017.10.14,케이티엔지 상상마당 춘천 사운드홀,장기하와 얼굴들,http://ticket.melon.com/performance/index.htm?prodId=200849,http://cdnticket.melon.co.kr/resource/image/upload/product/2017/08/201708011732462bebbf44-3cdd-4b5e-ad70-98805b4c97fd.jpg/melon/resize/180x254/strip/true/quality/90/optimize
359,Melon Ticket,팬덤스쿨2017코리아뮤직페스티벌 10월1일 그라운드（스탠딩）,2017.10.01 - 2017.10.01,고척스카이돔 ,EXO-CBX (첸백시),http://ticket.melon.com/performance/index.htm?prodId=200910,http://cdnticket.melon.co.kr/resource/image/upload/product/2017/09/20170904144412c0317c6d-7a89-4ba9-bf7d-220bd6862ce3.jpg/melon/resize/180x254/strip/true/quality/90/optimize
360,Melon Ticket,2017 정동하 콘서트［THE ARTIST：소리］－춘천,2017.10.28 - 2017.10.28,백령아트센터 ,정동하,http://ticket.melon.com/performance/index.htm?prodId=200909,http://cdnticket.melon.co.kr/resource/image/upload/product/2017/09/2017090614212664510dbe-446f-4680-a4bd-cbe3cd759d53.jpg/melon/resize/180x254/strip/true/quality/90/optimize
361,Melon Ticket,서울소울페스티벌2017 The Live Hall ,2017.11.11 - 2017.11.12,예스24 라이브홀 (구 악스코리아) ,진보,http://ticket.melon.com/performance/index.htm?prodId=200914,http://cdnticket.melon.co.kr/resource/image/upload/product/2017/09/2017090809491067298783-9d5b-4b64-8c15-fd97578e7f03.jpg/melon/resize/180x254/strip/true/quality/90/optimize
362,Melon Ticket,모스크바 필하모닉 오케스트라（11．22）,2017.11.22 - 2017.11.22,롯데콘서트홀 ,Moscow Philharmonic Orchestra,http://ticket.melon.com/performance/index.htm?prodId=200875,http://cdnticket.melon.co.kr/resource/image/upload/product/2017/08/20170816185930ac81f777-2246-48d2-8dfa-5461da0b54c7.jpg/melon/resize/180x254/strip/true/quality/90/optimize
363,Melon Ticket,［부산］장윤정 ＆ 조항조 콘서트,2017.10.07 - 2017.10.07,부산시민회관 대극장,장윤정,http://ticket.melon.com/performance/index.htm?prodId=200868,http://cdnticket.melon.co.kr/resource/image/upload/product/2017/08/201708101437373cb31d84-cfb6-4c5a-bbe3-48088485a36a.jpg/melon/resize/180x254/strip/true/quality/90/optimize
364,Melon Ticket,모스크바 필하모닉 오케스트라 （11．23／11．24）,2017.11.23 - 2017.11.24,예술의전당 콘서트홀,Moscow Philharmonic Orchestra,http://ticket.melon.com/performance/index.htm?prodId=200877,http://cdnticket.melon.co.kr/resource/image/upload/product/2017/08/20170816120910f7ae0d93-944c-4cda-a27b-46684ce658d0.jpg/melon/resize/180x254/strip/true/quality/90/optimize
365,Melon Ticket,2017 이규호 Kyo＿mono 여름감기－부산,2017.10.14 - 2017.10.14,아모스아트홀 ,이규호 (Kyo),http://ticket.melon.com/performance/index.htm?prodId=200926,http://cdnticket.melon.co.kr/resource/image/upload/product/2017/09/20170907174846518e6cfa-5ad2-424b-aa2c-a3a689946438.jpg/melon/resize/180x254/strip/true/quality/90/optimize
366,Melon Ticket,2017 일렉트릭 스카이 뮤직 페스티벌,2017.10.03 - 2017.10.03,잠실종합운동장 보조경기장,Galantis,http://ticket.melon.com/performance/index.htm?prodId=200892,http://cdnticket.melon.co.kr/resource/image/upload/product/2017/08/201708231027423c837921-f95a-404d-9a1b-8af7bd7d2bea.jpg/melon/resize/180x254/strip/true/quality/90/optimize
367,Melon Ticket,부활전국투어콘서트［THEY ARE COMING in 대구］,2017.10.14 - 2017.10.14,대구보건대학교 인당아트홀 ,부활,http://ticket.melon.com/performance/index.htm?prodId=200951,http://cdnticket.melon.co.kr/resource/image/upload/product/2017/09/20170913174727eda69c20-c40d-450b-ad70-35bc8caa7655.jpg/melon/resize/180x254/strip/true/quality/90/optimize
368,Melon Ticket,우주히피 정규 4집 발매 기념 공연,2017.10.08 - 2017.10.08,CKL 스테이지 ,우주히피,http://ticket.melon.com/performance/index.htm?prodId=200918,http://cdnticket.melon.co.kr/resource/image/upload/product/2017/09/201709061129220a69e673-c8ec-447d-8960-5832e4b43cba.jpg/melon/resize/180x254/strip/true/quality/90/optimize
369,Melon Ticket,2017 변진섭 30주년 콘서트 〈TIMELESS〉－대전,2017.11.04 - 2017.11.04,우송예술회관 ,변진섭,http://ticket.melon.com/performance/index.htm?prodId=200967,http://cdnticket.melon.co.kr/resource/image/upload/product/2017/09/201709201407539d1968e3-f8d3-4c9f-836a-c69728cb9e6b.jpg/melon/resize/180x254/strip/true/quality/90/optimize
370,Melon Ticket,보이즈 인 더 키친 1집 발매 기념 단독 콘서트 ‘Out of the Kitchen’－광주,2017.11.04 - 2017.11.04,보헤미안 ,Boys In The Kitchen,http://ticket.melon.com/performance/index.htm?prodId=200935,http://cdnticket.melon.co.kr/resource/image/upload/product/2017/09/201709111404386b05c914-0866-4067-b960-2b1f6768d226.jpg/melon/resize/180x254/strip/true/quality/90/optimize
371,Melon Ticket,서울숲재즈페스티벌2017,2017.10.07 - 2017.10.08,서울숲공원 ,Null,http://ticket.melon.com/performance/index.htm?prodId=200876,http://cdnticket.melon.co.kr/resource/image/upload/product/2017/08/20170817102447a5d88ed5-b9ca-4caa-b86d-8a8dff347e58.jpg/melon/resize/180x254/strip/true/quality/90/optimize
372,Melon Ticket,유앤아이－심규선＆멜로망스＆오왠＆새벽공방,2017.10.13 - 2017.10.13,부산롯데호텔 크리스탈볼룸,심규선 (Lucia),http://ticket.melon.com/performance/index.htm?prodId=200911,http://cdnticket.melon.co.kr/resource/image/upload/product/2017/09/201709041425287a3b668d-4938-4d14-8474-9b809f15ee03.jpg/melon/resize/180x254/strip/true/quality/90/optimize
373,Melon Ticket,2017 이규호 Kyo＿mono 여름감기－구미,2017.10.22 - 2017.10.22,복합문화공감 옴스 ,이규호 (Kyo),http://ticket.melon.com/performance/index.htm?prodId=200928,http://cdnticket.melon.co.kr/resource/image/upload/product/2017/09/20170907180755dfee0a91-6d21-4c3a-af98-3a2b6ba6aea7.jpg/melon/resize/180x254/strip/true/quality/90/optimize
374,Melon Ticket,로맨틱코미디 뮤지컬 〈그대와영원히〉,2017.07.08 - 2017.12.31,한성아트홀 제 2관,신미연,http://ticket.melon.com/performance/index.htm?prodId=200783,http://cdnticket.melon.co.kr/resource/image/upload/product/2017/07/20170705110415bcd5e882-ccb0-4305-986a-da68dfb18b4e.jpg/melon/resize/180x254/strip/true/quality/90/optimize
375,Melon Ticket,러브레이크X상페－일반티켓,2017.10.14 - 2017.10.15,케이티엔지 상상마당 춘천 ,잔나비,http://ticket.melon.com/performance/index.htm?prodId=200866,http://cdnticket.melon.co.kr/resource/image/upload/product/2017/08/20170809151918c6c0dd37-3d0c-454b-b628-6c517da44ab4.jpg/melon/resize/180x254/strip/true/quality/90/optimize
376,Melon Ticket,2017 이규호 Kyo＿mono 여름감기－전주,2017.10.21 - 2017.10.21,라온한옥카페 ,이규호 (Kyo),http://ticket.melon.com/performance/index.htm?prodId=200927,http://cdnticket.melon.co.kr/resource/image/upload/product/2017/09/20170907175637386ea380-baa4-40b1-b635-712a967fe089.jpg/melon/resize/180x254/strip/true/quality/90/optimize
377,Melon Ticket,연극 〈윤이상；상처입은 용〉,2017.10.21 - 2017.10.29,대학로예술극장 대극장,Null,http://ticket.melon.com/performance/index.htm?prodId=200932,http://cdnticket.melon.co.kr/resource/image/upload/product/2017/09/2017091218532602bf4254-58af-4bc9-bc67-db965f66d509.jpg/melon/resize/180x254/strip/true/quality/90/optimize
378,Melon Ticket,Double K 2017 concert＂LIVE SYSTEM＂,2017.10.21 - 2017.10.21,케이티엔지 상상마당 라이브홀 ,더블케이 (Double K),http://ticket.melon.com/performance/index.htm?prodId=200974,http://cdnticket.melon.co.kr/resource/image/upload/product/2017/09/20170925144511cbd32b96-5c11-4926-8185-ce61fd8851fc.jpg/melon/resize/180x254/strip/true/quality/90/optimize
379,Melon Ticket,〈키노코호텔（KINOCO HOTEL）첫 내한공연－SALON DE KINOCO〉,2017.10.28 - 2017.10.28,웨스트브릿지 라이브홀,Kinoco Hotel,http://ticket.melon.com/performance/index.htm?prodId=200883,http://cdnticket.melon.co.kr/resource/image/upload/product/2017/08/2017081717215351163efb-1d79-47ff-ba98-20804912c91e.png/melon/resize/180x254/strip/true/quality/90/optimize
380,Melon Ticket,보이즈 인 더 키친 1집 발매 기념 단독 콘서트 ‘Out of the Kitchen’－부산,2017.10.28 - 2017.10.28,리얼라이즈 ,Boys In The Kitchen,http://ticket.melon.com/performance/index.htm?prodId=200934,http://cdnticket.melon.co.kr/resource/image/upload/product/2017/09/20170911135810ebf2ffa8-1ca7-4337-87d2-434ebcbd1c30.jpg/melon/resize/180x254/strip/true/quality/90/optimize
381,Melon Ticket,2017 크루셜스타 별밤 콘서트  STARRY NIGHT ‘17,2017.10.28 - 2017.10.28,홍대 왓에버 ,크루셜스타 (Crucial Star),http://ticket.melon.com/performance/index.htm?prodId=200971,http://cdnticket.melon.co.kr/resource/image/upload/product/2017/09/20170922163827b0047bf2-980e-47eb-a77c-886c6186d268.jpg/melon/resize/180x254/strip/true/quality/90/optimize
382,Melon Ticket,‘순간포착’,2017.10.29 - 2017.10.29,케이티엔지 상상마당 라이브홀 ,입술을깨물다,http://ticket.melon.com/performance/index.htm?prodId=200968,http://cdnticket.melon.co.kr/resource/image/upload/product/2017/09/201709211105453e459249-614f-4aed-8cb5-b6f851136cc5.jpg/melon/resize/180x254/strip/true/quality/90/optimize
383,Melon Ticket,PIA＆HEY－SMITH 한일투어 ‘WE’ 부산 ,2017.11.24 - 2017.11.24,오즈홀 1관 ,피아 (PIA),http://ticket.melon.com/performance/index.htm?prodId=200937,http://cdnticket.melon.co.kr/resource/image/upload/product/2017/09/20170921164855ff70e602-4a5a-4c3c-810b-5db4753c47c6.jpg/melon/resize/180x254/strip/true/quality/90/optimize
384,Melon Ticket,PIA＆HEY-SMITH 한일투어 ‘WE’ 서울,2017.11.25 - 2017.11.25,홍대 하나투어 브이홀 ,피아 (PIA),http://ticket.melon.com/performance/index.htm?prodId=200936,http://cdnticket.melon.co.kr/resource/image/upload/product/2017/09/20170921162737fff51de0-5bf5-48db-a774-6371ff53a058.jpg/melon/resize/180x254/strip/true/quality/90/optimize
